income,debt,age,loan_amount,payment_history,credit_score,credit_utilization,num_credit_lines,late_payments,employment_length,debt_to_income,loan_to_income,income_per_credit_line,late_payment_ratio,utilization_risk,risk_score_index,actual_default,predicted_default,default_probability
24139.47,21414.34,38,7769.41,4,715.8,0.1087,6,1,7,0.887072206962002,0.32184170399333567,3448.4957142857143,0.14285714285714285,0,0.1663021428571429,0,0,0.4337
29848.41,36886.45,36,10049.83,1,850.0,0.243,3,0,22,1.235751393411126,0.3366843766761219,7462.1025,0.0,0,0.08504999999999999,0,0,0.2115
38358.93,16457.77,68,5355.32,6,614.7,0.1293,3,0,17,0.42903545444425994,0.13960713692647508,9589.7325,0.0,0,0.1949913636363636,0,0,0.2117
20211.65,31730.96,21,3885.04,2,767.3,0.321,6,1,8,1.5698565007557148,0.19220834477418844,2887.378571428572,0.14285714285714285,1,0.20783441558441562,0,1,0.7339
38072.02,46090.32,61,16330.26,7,712.4,0.5217,8,1,28,1.210576938735094,0.42891948156463555,4230.224444444444,0.1111111111111111,1,0.3034919696969697,0,1,0.8167
70437.27,10193.32,42,3597.66,4,625.2,0.1959,4,1,20,0.1447128102379573,0.0510753600280075,14087.454000000002,0.2,0,0.27161954545454536,0,0,0.1842
78570.09,6532.46,60,6316.86,10,779.7,0.117,6,0,19,0.0831407582610856,0.0803967464368892,11224.298571428571,0.0,0,0.0856863636363636,0,0,0.0093
45885.75,55340.54,53,4959.69,2,719.0,0.5788,2,1,29,1.2060243970209266,0.10808544950339694,15295.25,0.3333333333333333,1,0.3859436363636363,0,1,0.876
32234.15,16563.82,31,6579.7,6,657.7,0.1784,3,0,9,0.5138434286795625,0.20411569358293663,8058.5375,0.0,0,0.18481272727272724,0,0,0.2801
31874.13,28014.69,60,8610.43,10,756.3,0.1683,3,3,25,0.8788886508070711,0.27013003554809034,7968.5325,0.75,0,0.3435322727272727,0,1,0.6582
41706.4,25010.38,36,3028.38,6,718.2,0.2201,9,1,28,0.5996628895591669,0.07261013633072308,4170.64,0.1,0,0.19090772727272723,0,0,0.2288
66260.58,16937.02,31,20159.89,8,690.1,0.2996,4,0,14,0.2556084536468946,0.30424704632760036,13252.116,0.0,0,0.20661454545454544,0,0,0.1501
23491.45,13125.26,35,3161.8,10,741.0,0.2946,6,0,7,0.5587011997471528,0.13458792080008683,3355.921428571429,0.0,0,0.17247363636363636,0,0,0.1921
27151.92,12541.48,62,4376.08,3,807.5,0.1311,1,2,6,0.4618832891637437,0.16116425047471875,13575.96,1.0,0,0.37293045454545454,0,0,0.2813
17028.14,4499.42,57,12221.63,8,686.9,0.2566,7,1,10,0.26421886249100074,0.7176892080281212,2128.5175,0.125,0,0.23110090909090908,0,0,0.4602
26445.32,50237.56,36,11845.54,7,636.2,0.1942,10,0,10,1.89960493558272,0.44790882058448966,2404.12,0.0,0,0.20402454545454543,1,1,0.6548
13110.07,24531.76,67,5555.42,7,779.2,0.3482,5,2,26,1.8710723075996085,0.42371980318921343,2185.0116666666668,0.3333333333333333,1,0.2669245454545454,1,1,0.7881
31145.86,17997.72,58,6607.83,2,689.2,0.2947,6,1,6,0.5778341701218036,0.21215075933818048,4449.408571428571,0.14285714285714285,0,0.24832941558441554,0,1,0.5629
37428.7,12710.49,45,9312.96,3,719.5,0.6711,9,2,28,0.3395830049399274,0.24881203963697276,3742.87,0.2,2,0.3779304545454545,0,1,0.8643
20164.78,6525.33,63,10084.04,2,742.3,0.1301,3,0,4,0.32358430965725105,0.5000570273007046,5041.195,0.0,0,0.11407136363636365,0,0,0.1749
46625.09,6610.57,25,2939.51,3,797.5,0.3153,8,0,5,0.14177834770189823,0.06304431703366077,5180.565555555555,0.0,1,0.1437640909090909,0,0,0.0855
42863.28,11710.34,29,8202.18,8,719.8,0.4264,5,3,21,0.27319577046435867,0.19135233345806812,7143.88,0.5,1,0.3820945454545454,1,1,0.8181
40443.1,29324.29,35,3258.32,2,813.3,0.2433,5,3,8,0.7250573013121816,0.08056354326094536,6740.516666666666,0.5,0,0.2585095454545455,1,1,0.7506
34277.71,9563.21,47,14381.2,3,598.3,0.3228,5,3,5,0.2789839524299485,0.41953737465616414,5712.951666666667,0.5,1,0.4231527272727273,1,1,0.9508
52766.72,5318.97,42,8088.97,7,522.489,0.0465,8,3,1,0.10079969344894947,0.15329390771479232,5862.968888888889,0.3333333333333333,0,0.3246910909090909,1,1,0.7953
31714.71,12871.75,37,5728.24,6,623.1,0.4166,6,0,6,0.40584776440445447,0.18061206890843687,4530.672857142857,0.0,1,0.29020090909090906,0,1,0.5327
13349.41,16310.86,51,13302.06,3,694.9,0.4969,7,1,4,1.2217497440153524,0.9963783883790834,1668.67625,0.125,1,0.31011500000000003,1,1,0.8966
36305.28,8749.54,45,2398.27,1,527.9,0.5118,5,0,2,0.2409924674188598,0.06605661610057544,6050.88,0.0,1,0.3841027272727273,1,1,0.764
23793.54,6903.53,55,5413.25,2,713.4,0.1848,5,1,14,0.29013084514346565,0.22749967009238253,3965.59,0.16666666666666666,0,0.20160727272727275,1,0,0.3068
52509.94,27913.09,59,4990.58,10,602.5,0.695941999999999,5,0,10,0.531567136295789,0.09503886237801112,8751.656666666668,0.0,2,0.4010796999999996,1,1,0.7878
30504.74,15987.21,68,19807.85,7,609.9,0.3275,6,1,16,0.5240721910040536,0.6493155058687315,4357.820000000001,0.14285714285714285,1,0.31027305194805194,1,1,0.7361
17307.71,2873.75,65,7818.9,4,591.8,0.2696,3,3,16,0.16602912637625797,0.4517321048189033,4326.9275,0.75,0,0.48366909090909094,1,1,0.8904
85388.95,15029.11,66,28455.36,2,759.2,0.2697,5,2,0,0.1760056072172428,0.3332401529688213,14231.491666666667,0.3333333333333333,0,0.25217681818181814,0,0,0.3618
18709.82,12796.65,61,9189.43,4,708.6,0.121,4,2,19,0.6839171131997421,0.49112919690318224,3741.964,0.4,0,0.25233181818181816,1,1,0.5644
59563.13,29575.23,37,4242.23,3,631.5,0.4724,6,0,9,0.49652752419954765,0.07122121988518929,8509.01857142857,0.0,1,0.3043854545454545,0,1,0.5224
53181.36,4215.64,21,5540.39,7,726.5,0.529,5,1,15,0.07926763686305008,0.10417721214327458,8863.56,0.16666666666666666,1,0.31374090909090907,0,0,0.3797
34211.49,10865.5,64,5957.9,5,758.1,0.594,6,0,27,0.317588693485917,0.1741440041341627,4887.355714285714,0.0,1,0.26638181818181816,0,0,0.2669
91007.15,10688.56,50,6905.33,2,699.5,0.1844,5,0,4,0.11744618476477107,0.07587595176915475,15167.858333333332,0.0,0,0.16031272727272727,0,0,0.0419
50622.23,17235.4,49,6539.94,8,671.0,0.0925,2,1,0,0.3404642493179515,0.12918851681332857,16874.076666666668,0.3333333333333333,0,0.24628409090909087,0,0,0.3026
59298.34,15460.59,65,11349.91,2,664.6,0.4026,4,1,7,0.2607211142653527,0.19140027528131007,11859.668,0.2,1,0.31889181818181817,0,1,0.5685
15836.24,4301.82,45,6705.53,3,806.5,0.5214,5,0,20,0.27162687437962674,0.42340268885235055,2639.3733333333334,0.0,1,0.21017181818181818,0,0,0.2793
29518.23,16176.66,21,8845.44,8,569.5,0.026586000000000002,7,0,5,0.5480041315440816,0.29965009249902524,3689.77875,0.0,0,0.1878051,0,0,0.2822
52211.04,14393.62,67,11254.15,9,732.2,0.5637,12,0,16,0.27567626164386605,0.21554702708417445,4016.233846153846,0.0,1,0.27225863636363634,0,0,0.1931
50918.9,14799.76,22,4818.84,8,618.2,0.2798,5,0,18,0.290647860659585,0.09463569252885415,8486.483333333334,0.0,0,0.24543909090909088,0,0,0.1963
27360.42,4714.32,26,3747.67,6,808.8,0.695941999999999,2,0,24,0.17229807517299905,0.13696913391190954,9120.14,0.0,2,0.2697978818181815,0,0,0.396
36949.45,6474.94,55,22789.3,2,656.0,0.3858,4,0,10,0.1752330485826289,0.6167529759448126,7389.889999999999,0.0,1,0.25848454545454547,0,0,0.4688
33445.57,8230.4,23,5738.02,2,767.0,0.2437,7,0,6,0.24607605503344587,0.17155780099424248,4180.69625,0.0,0,0.1381131818181818,0,0,0.1168
26311.78,5749.93,59,26178.52,3,671.4,0.0761,8,1,10,0.21852233021368325,0.9948975364822722,2923.531111111111,0.1111111111111111,0,0.1736228787878788,1,0,0.3766
16333.51,9776.26,68,8565.48,5,667.9,0.2478,3,0,13,0.5985034139377307,0.5243793661395414,4083.3775,0.0,0,0.20261181818181817,0,0,0.348
79450.52,4221.47,29,10529.99,1,753.3,0.3101,2,0,3,0.05313265246530211,0.13253352484634653,26483.506666666668,0.0,1,0.17007136363636366,0,0,0.118
25270.35,19587.89,26,12692.48,2,758.5,0.1218,7,0,12,0.7751026359889757,0.5022478023532577,3158.79375,0.0,0,0.10085727272727274,0,0,0.1673
37866.06,25521.83,21,6294.89,7,691.8,0.1711,6,3,18,0.6739849885362107,0.166236565500464,5409.437142857142,0.42857142857142855,0,0.2891291558441558,1,1,0.7976
29055.57,10737.88,56,9215.15,9,769.7,0.1075,4,0,0,0.369550845127281,0.31714514135701494,5811.114,0.0,0,0.08872499999999997,0,0,0.1001
47336.28,3638.15,41,8168.5,8,751.9,0.2754,4,0,22,0.07685591567576337,0.1725595555976178,9467.256,0.0,0,0.15881727272727272,0,0,0.0568
11062.7102,14351.61,49,13718.13,8,823.0,0.2648,10,1,7,1.2971787710057698,1.2399213059647929,1005.7009272727272,0.09090909090909091,0,0.13713454545454543,1,0,0.4454
27812.48,8804.41,49,8139.53,2,683.5,0.1203,9,1,29,0.3165519021711774,0.2926469467323039,2781.248,0.1,0,0.17805954545454544,0,0,0.2094
11971.25,55039.84,58,8922.78,10,816.9,0.2491,7,0,5,4.597284553864144,0.745288479609096,1496.40625,0.0,0,0.10824863636363637,0,1,0.7054
42603.86,17044.01,69,12535.27,9,684.3,0.1535,5,0,20,0.40004849212038246,0.29422159819325777,7100.643333333333,0.0,0,0.15917045454545456,0,0,0.11
59531.8,17456.03,39,7281.99,8,788.1,0.2126,7,1,14,0.2932170165018275,0.12231895694474305,7441.475,0.125,0,0.1513009090909091,0,0,0.1012
24695.71,13658.29,56,20260.56,4,682.8,0.4585,4,0,17,0.5530408706260875,0.8203748596472973,4939.142,0.0,1,0.26687500000000003,0,1,0.5906
66642.31,15751.69,53,12802.63,1,673.8,0.1127,2,0,1,0.23635815808068358,0.1921067546014746,22214.103333333333,0.0,0,0.15157227272727272,0,0,0.1698
18756.92,2719.9225,59,3741.94,7,776.2,0.3255,7,0,11,0.14500128479063779,0.19948587050163347,2344.615,0.0,1,0.16088863636363632,1,0,0.1441
29974.42,9872.63,64,2977.8,10,658.6,0.6702,7,1,28,0.329357520261601,0.0993413937152507,3746.8025,0.125,2,0.39386999999999994,1,1,0.7376
20748.56,15881.41,49,12045.7,2,745.8,0.6461,2,0,15,0.7653853864853037,0.5805279726413476,6916.186666666667,0.0,2,0.2924440909090909,1,1,0.7642
43317.57,4792.6,66,10438.51,6,785.5,0.2596,5,0,9,0.11063615442522688,0.24097078920195197,7219.595,0.0,0,0.13190545454545455,0,0,0.0665
26978.62,28142.0,38,13507.6,8,737.8,0.2807,6,1,20,1.043083631274273,0.500659386603666,3854.0885714285714,0.14285714285714285,0,0.21250214285714286,1,1,0.5149
15433.0,6692.47,47,8002.87,8,740.0,0.0898,4,2,29,0.4336186341842685,0.5185220940780095,3086.6,0.4,0,0.22143,0,0,0.3319
32212.65,34882.73,28,7202.21,6,612.7,0.3639,4,0,2,1.0828555596773417,0.22357634108522317,6442.530000000001,0.0,1,0.27837409090909093,0,1,0.7805
41737.97,9012.27,54,10562.28,2,832.2,0.4018,6,1,12,0.21591979869172623,0.2530555976824536,5962.567142857143,0.14285714285714285,1,0.1948144155844155,0,0,0.2669
41709.3,25229.85,60,3941.4,2,680.7,0.1191,4,1,28,0.604882966557421,0.09449464520753866,8341.86,0.2,0,0.2094213636363636,0,0,0.2743
35517.54,41609.4,62,9253.32,1,786.2,0.2471,5,0,29,1.171483963023255,0.26052084348061605,5919.59,0.0,0,0.12708499999999995,0,0,0.2217
63099.63,6658.4,38,15928.45,3,592.9,0.5291,5,0,4,0.10552034108058826,0.2524293339068089,10516.605,0.0,1,0.34879409090909086,1,1,0.5137
40912.63,10030.38,62,27197.12,7,779.1,0.482,6,0,27,0.24515986481766588,0.664744731767873,5844.661428571429,0.0,1,0.2138181818181818,0,0,0.195
36833.51,50784.43,47,15016.0,3,729.7,0.3631,7,0,13,1.37871876129206,0.4076611851223214,4604.18875,0.0,1,0.2036395454545454,0,1,0.6476
21590.48,21620.23,52,10002.07,6,688.7,0.216,6,0,1,1.0013315437385488,0.463241519340036,3084.3542857142857,0.0,0,0.17824545454545454,0,0,0.4064
24766.13,11861.91,26,12678.47,3,614.3,0.2154,3,0,6,0.4789376080312898,0.5119071123703068,6191.5325,0.0,0,0.22538090909090913,0,0,0.4835
21248.01,7503.5,52,6670.59,2,821.2,0.0735,9,2,7,0.3531223336993112,0.31392474284684324,2124.801,0.2,0,0.10405227272727269,1,0,0.3049
80427.34,17087.45,22,16002.98,8,690.0,0.227,3,0,23,0.2124555846856966,0.19897190467937048,20106.835,0.0,0,0.1812681818181818,0,0,0.0737
36351.82,23310.75,59,5801.0,9,637.2,0.3943,6,1,7,0.6412363607555067,0.15957496557350984,5193.117142857142,0.14285714285714285,1,0.31628032467532463,0,1,0.7343
35218.89,73033.47119999999,66,10801.87,2,639.8,0.0409,4,0,21,2.0736427967265083,0.30669800501932293,7043.778,0.0,0,0.14807863636363638,1,1,0.6808
23892.05,12323.53,45,5721.9,7,712.7,0.0728,9,1,29,0.5157788561945839,0.23947968132992647,2389.205,0.1,0,0.14285272727272724,0,0,0.1578
18245.19,8360.08,22,4563.34,5,774.6,0.0505,5,0,4,0.45818222872829895,0.2500982396872991,3040.865,0.0,0,0.06565681818181816,0,0,0.094
81936.57,25478.08,22,8012.39,7,663.3,0.3068,4,0,16,0.31094502802560536,0.09778652210457303,16387.314000000002,0.0,1,0.22618909090909095,1,0,0.1671
46990.71,26311.78,21,18544.86,6,690.7,0.2295,6,1,2,0.559923867422573,0.39464109733397656,6712.958571428571,0.14285714285714285,0,0.2245548701298701,0,1,0.5344
42676.29,9557.01,58,2972.8,4,595.0,0.6593,6,1,19,0.22393666514438945,0.06965765633197422,6096.612857142857,0.14285714285714285,2,0.4358848701298701,0,1,0.8322
42597.35,8893.51,47,6211.69,9,628.2,0.4202,5,1,7,0.20877592676711657,0.14581996720530255,7099.558333333333,0.16666666666666666,1,0.33821545454545454,0,1,0.6125
22035.89,16803.13,26,21408.45,10,692.4,0.3158,6,0,15,0.7625000623953744,0.9714823643445151,3147.9842857142858,0.0,1,0.2108209090909091,1,0,0.457
44162.55,22148.86,33,5906.32,7,779.8,0.178,3,1,5,0.5015190128510955,0.13373743732104867,11040.6375,0.25,0,0.18197272727272729,0,0,0.2446
18937.71,9664.7,36,8708.86,7,754.9,0.4864,2,2,15,0.5103145884804192,0.45984441390147485,6312.57,0.6666666666666666,1,0.4307581818181818,0,1,0.7715
58455.84,3438.78,53,7286.9,4,644.3,0.2481,7,0,17,0.058825964591996426,0.12465436037938418,7306.98,0.0,0,0.21773500000000004,0,0,0.0818
92820.45,12785.63,44,9380.95,10,689.8,0.07,4,0,18,0.1377443468077691,0.1010644630093583,18564.09,0.0,0,0.12644545454545456,0,0,0.0193
44527.59,17321.29,61,9007.08,5,672.9,0.051,8,0,10,0.38899255512020486,0.20227633527133917,4947.509999999999,0.0,0,0.13055,0,0,0.0923
33135.19,30423.78,23,3003.58,8,769.3,0.5569,7,2,23,0.918143576554818,0.09064349280952336,4141.89875,0.25,1,0.32126954545454545,0,1,0.832
42829.04,15686.74,41,15890.15,7,695.8,0.3719,6,0,12,0.3662555533452689,0.3710047900959233,6118.434285714286,0.0,1,0.22829227272727276,0,0,0.3064
19153.71,47471.62,30,10616.31,3,664.9,0.0757,5,2,17,2.4783262184601074,0.5542401842679947,3192.285,0.3333333333333333,0,0.24428590909090908,1,1,0.9128
80823.55,24109.02,29,6471.88,3,766.3,0.0425,7,1,25,0.2982883294741511,0.08007319558228286,10102.94375,0.125,0,0.1056386363636364,0,0,0.0412
20042.66,17836.89,22,12449.51,1,850.0,0.2492,4,0,9,0.8899018442739499,0.6211195959221021,4008.532,0.0,0,0.08721999999999999,0,0,0.1996
42008.01,9597.83,34,6321.92,10,759.9,0.4735,3,0,10,0.2284707494892167,0.15048962115508077,10502.0025,0.0,1,0.22306136363636364,0,0,0.2406
99739.78,26665.51,43,19543.54,6,683.3,0.3747,5,0,3,0.26734811979613554,0.19594332428521213,16623.296666666665,0.0,1,0.23722681818181818,0,0,0.1774
69851.25,30130.9,69,4019.11,6,700.7,0.5897,5,1,18,0.43135188916606126,0.05753730194804033,11641.875,0.16666666666666666,1,0.35140409090909086,1,1,0.576
45673.78,16463.51,67,9212.77,4,685.3,0.2349,5,0,2,0.36045077830697814,0.20170365352608158,7612.296666666666,0.0,0,0.18702409090909095,0,0,0.2132
30758.32,2719.9225,24,7899.76,4,724.7,0.1287,3,0,14,0.08842596325276372,0.25682492330779744,7689.58,0.0,0,0.1247813636363636,0,0,0.0968
20799.65,11966.63,53,11941.63,6,651.2,0.3589,6,3,22,0.5753007718508796,0.574098886332879,2971.378571428572,0.42857142857142855,1,0.3806955194805195,1,1,0.9352
41386.51,22007.72,52,10381.66,10,634.5,0.2054,9,1,4,0.5317478630630352,0.2508404105489796,4138.651,0.1,0,0.23902636363636365,1,0,0.4763
28383.69,11037.64,30,1904.1437,9,802.3,0.2922,6,1,26,0.3888589235957835,0.06708347704343434,4054.812857142857,0.14285714285714285,0,0.1754816883116883,0,0,0.1525
54495.2,12628.62,22,2625.51,8,731.1,0.4888,6,1,27,0.23173395576205316,0.04817785460270625,7785.028571428571,0.14285714285714285,1,0.2896007792207792,0,0,0.2979
30728.31,5074.92,55,15084.46,5,850.0,0.026586000000000002,4,2,14,0.1651491686601489,0.49088183236135136,6145.662,0.4,0,0.1293051,0,0,0.1521
27218.46,8025.78,30,7725.66,10,560.0,0.3162,7,0,18,0.29485449013316206,0.28382855501174525,3402.3075,0.0,1,0.29521545454545456,1,0,0.4292
27790.69,11617.07,45,6996.4,6,850.0,0.4632,4,0,1,0.41800516629251405,0.25174431637658595,5558.138,0.0,1,0.16212,0,0,0.249
46053.73,11335.86,50,7013.42,1,850.0,0.2126,2,0,8,0.24613888736292666,0.152284466763783,15351.243333333334,0.0,0,0.07441,0,0,0.0703
16245.91,5561.95,22,12686.25,6,600.2,0.2649,3,0,21,0.3423389432205878,0.7808407875712982,4061.4775,0.0,0,0.25167863636363635,0,0,0.4375
39710.48,10676.83,51,6308.63,10,692.2,0.4335,6,2,12,0.26886003745012776,0.15886161885681419,5672.925714285715,0.2857142857142857,1,0.3378574675324675,0,1,0.7151
24528.98,25143.73,58,18150.35,10,765.1,0.3826,6,0,9,1.0250204036040795,0.7399251854261601,3504.14,0.0,1,0.18793727272727273,0,0,0.4441
34729.33,2719.9225,51,14352.48,4,709.1,0.3461,10,0,10,0.07831548102191946,0.4132549273214507,3157.211818181818,0.0,1,0.21079863636363635,0,0,0.1941
75133.75,28126.18,27,5864.17,8,671.1,0.2967,4,1,4,0.3743431634496688,0.07804870582520072,15026.75,0.2,0,0.27769045454545455,0,0,0.3733
44043.07,6048.77,40,20011.48,3,700.0,0.2101,2,1,20,0.13733449247537752,0.45435128951525144,14681.023333333333,0.3333333333333333,0,0.26898954545454545,1,0,0.2795
18749.12,9400.45,65,5745.76,6,583.9,0.1998,1,1,11,0.5013541246669355,0.30643857212647174,9374.56,0.5,0,0.3892663636363636,0,1,0.6006
27202.19,10792.35,63,10813.55,2,850.0,0.0678,5,1,17,0.3967310451458083,0.39751036551228,4533.698333333333,0.16666666666666666,0,0.07372999999999999,0,0,0.0982
27074.28,15233.12,27,11439.19,10,743.4,0.1829,7,1,14,0.5626209590445602,0.42249572303592065,3384.285,0.125,0,0.16935136363636366,0,0,0.2855
50562.92,17330.74,40,17457.05,7,741.5,0.6763,7,1,15,0.3427491381206204,0.3452471643812426,6320.365,0.125,2,0.3432504545454545,1,1,0.7147
31111.31,27823.07,30,3709.33,5,714.6,0.0677,7,1,2,0.8942785026248452,0.11922386990872744,3888.91375,0.125,0,0.14735863636363636,1,0,0.3965
25666.21,11323.38,48,9000.99,1,662.6,0.1985,6,1,29,0.44116131048134954,0.3506804985816534,3666.6014285714286,0.14285714285714285,0,0.23158668831168827,0,0,0.3752
36908.05,23145.2,24,3102.74,9,682.9,0.2069,5,1,2,0.627087394554994,0.08406447741136658,6151.341666666667,0.16666666666666666,0,0.22875136363636364,1,0,0.4697
68767.77,13654.09,60,3574.58,5,636.9,0.1018,5,0,8,0.1985507374931964,0.05197969950604031,11461.295,0.0,0,0.1712390909090909,0,0,0.0741
21676.5,10444.14,67,5306.63,1,583.8,0.6922,4,0,5,0.48179633260292926,0.24479898512282322,4335.3,0.0,2,0.41167,1,1,0.9012
45084.66,14108.03,22,4810.2,6,710.7,0.5509,2,2,18,0.3129161245504668,0.10669024252944283,15028.220000000001,0.6666666666666666,1,0.48146045454545444,0,1,0.7635
56146.21,18764.32,68,5240.22,5,726.9,0.1499,8,1,27,0.3341986182394459,0.09333001586365557,6238.467777777778,0.1111111111111111,0,0.16413469696969696,0,0,0.1005
27992.89,9904.18,60,8686.17,4,828.3,0.192,6,0,16,0.35379791804568783,0.3102880664316392,3998.9842857142858,0.0,0,0.08100909090909092,0,0,0.0604
26438.95,14511.15,65,16166.35,8,728.6,0.0669,5,0,23,0.5488342451479673,0.6114364815364628,4406.491666666667,0.0,0,0.10066954545454543,0,0,0.0944
21123.69,7909.94,62,3189.29,5,850.0,0.4448,3,1,29,0.3744405243343216,0.15097452317643478,5280.9225,0.25,1,0.23068,0,0,0.2515
24516.51,9800.92,52,6540.58,5,522.489,0.3418,3,2,24,0.3997518508200874,0.26677178881542213,6129.1275,0.5,1,0.47804609090909084,1,1,0.8955
44913.02,13456.73,50,10805.07,10,850.0,0.1177,6,1,1,0.29961090100596655,0.2405723201797568,6416.145714285713,0.14285714285714285,0,0.08405214285714285,0,0,0.0862
43597.0,9361.07,47,2679.02,2,699.2,0.0641,6,0,28,0.2147132896004404,0.061448231570255515,6228.142857142857,0.0,0,0.11839863636363632,0,0,0.0429
25873.23,9085.44,39,15304.2,10,781.4,0.4986,3,0,23,0.35113856528290893,0.5914842683241203,6468.3075,0.0,1,0.21816454545454547,0,0,0.288
50276.67,12703.1,64,5954.5,8,636.7,0.2656,5,1,28,0.2526588841527462,0.11843229807586549,8379.445,0.16666666666666666,0,0.27869636363636363,1,0,0.2534
26078.79,13602.0,66,5873.01,7,654.8,0.3713,9,0,20,0.5215532793783999,0.225193914521551,2607.879,0.0,1,0.2541731818181818,0,0,0.3306
23374.03,9201.16,59,11400.05,5,738.0,0.2003,4,1,20,0.39363200817282373,0.4877020478690295,4674.806,0.2,0,0.20137772727272726,0,0,0.2857
78821.83,11791.73,61,9327.8,9,725.3,0.5153,4,1,15,0.1495979020291456,0.11833881123019814,15764.366,0.2,1,0.31970954545454544,0,0,0.2763
33378.73,4788.04,40,9057.68,8,636.5,0.1333,4,0,11,0.14344154371530266,0.2713527041710643,6675.746000000001,0.0,0,0.18251863636363636,0,0,0.157
35497.62,12764.04,26,6828.23,7,850.0,0.1003,6,0,3,0.3595643999682241,0.1923519843869987,5071.088571428571,0.0,0,0.035105,0,0,0.0427
71434.54,17705.33,62,2821.88,10,727.4,0.4074,1,0,29,0.24785043971110182,0.03950246613940345,35717.27,0.0,1,0.22060818181818181,0,0,0.1731
57740.8,9045.12,59,11392.87,8,686.3,0.2385,5,2,11,0.15664769716219445,0.19730715010616226,9623.466666666667,0.3333333333333333,0,0.2876477272727273,0,0,0.4004
32624.29,64169.7,65,2491.76,2,550.4,0.2736,5,0,7,1.9668698730340786,0.07637510655077702,5437.381666666667,0.0,0,0.2864145454545454,0,1,0.8973
65021.43,14352.74,27,11930.28,2,827.9,0.026586000000000002,5,1,27,0.22073521398692728,0.18347945470509178,10836.905,0.16666666666666666,0,0.07336873636363637,0,0,0.0329
23516.94,11350.36,54,6118.1,3,791.9,0.4848,5,0,19,0.4826256041132855,0.2601460842233631,3919.49,0.0,1,0.20665272727272727,0,0,0.2835
22980.17,6145.07,64,6411.1,3,599.2,0.2345,4,0,12,0.2673958723598494,0.2789718713189973,4596.034,0.0,0,0.24167499999999997,0,0,0.356
38214.22,4863.86,60,5155.89,7,733.2,0.3172,7,1,22,0.12727546773248982,0.1349171874452116,4776.7775,0.125,1,0.22284727272727267,0,0,0.2202
17556.87,27754.25,67,16421.51,5,738.5,0.4035,6,0,25,1.5807298949132214,0.9352791654112942,2508.1242857142856,0.0,1,0.21217954545454545,0,1,0.5623
27131.28,30859.16,28,12471.3,5,736.6,0.1067,7,1,24,1.1373596321429678,0.4596480649617356,3391.41,0.125,0,0.14700863636363634,0,0,0.375
32841.48,5660.47,62,8276.89,3,837.2,0.2819,5,0,15,0.17235208790566364,0.2520178135146919,5473.580000000001,0.0,0,0.10681045454545451,0,0,0.0628
28948.71,17953.33,64,10736.68,3,791.3,0.242,5,0,1,0.6201557804896838,0.37087349061527736,4824.785,0.0,0,0.12205454545454547,0,0,0.2001
47598.92,45726.65,23,5331.44,5,522.489,0.2481,6,0,15,0.9606455220933146,0.1120052302608912,6799.845714285714,0.0,0,0.29525109090909085,1,1,0.6709
21022.28,7871.84,22,5700.33,6,622.4,0.16,5,0,20,0.37443443649135627,0.2711437035514915,3503.713333333333,0.0,0,0.20083636363636365,0,0,0.2274
86349.28,9791.49,68,9389.19,8,658.6,0.2137,7,0,8,0.11339268384537954,0.10873375280311773,10793.66,0.0,0,0.19659499999999996,0,0,0.0419
52360.44,18691.29,22,3591.67,1,637.8,0.1432,5,1,27,0.35696669151956095,0.06859379726760761,8726.74,0.16666666666666666,0,0.23515636363636366,0,0,0.2618
35420.18,3192.92,41,1950.29,6,705.0,0.1194,4,2,28,0.09014154807942593,0.055059995178026254,7084.036,0.4,0,0.2540627272727273,0,0,0.2375
29774.36,25035.15,36,6050.68,5,776.6,0.0517,3,1,11,0.8408009172685066,0.2032109771300834,7443.59,0.25,0,0.13980409090909088,0,0,0.2472
20663.2,11796.07,44,20732.82,9,608.8,0.2708,8,1,28,0.5708457138432651,1.0033207189245168,2295.911111111111,0.1111111111111111,0,0.2816042424242424,0,1,0.6068
93336.08,15403.58,69,10302.91,2,667.1,0.2537,3,0,6,0.16503173229760348,0.11038389030383208,23334.02,0.0,0,0.20518590909090906,0,0,0.1009
34165.04,8773.69,32,22927.99,8,754.6,0.4933,2,2,16,0.25679563683704637,0.6710754304566757,11388.346666666666,0.6666666666666666,1,0.43336409090909084,1,1,0.7421
40730.84,10401.75,45,18066.79,5,758.0,0.5666,2,1,19,0.2553714735204695,0.44355447728361896,13576.946666666665,0.3333333333333333,1,0.3568554545454545,0,1,0.5878
34591.27,11798.95,55,7500.94,8,665.5,0.2445,3,2,17,0.3410863178392167,0.21683861741365917,8647.8175,0.5,0,0.3529840909090909,0,1,0.5764
35674.61,11297.88,46,16576.01,6,850.0,0.1641,6,0,25,0.31668358298568683,0.4646314386775727,5096.372857142857,0.0,0,0.05743499999999999,0,0,0.0354
43211.17,4529.15,46,22962.44,10,628.1,0.5452,1,1,28,0.10481190831194082,0.5313882640006276,21605.585,0.5,1,0.48202909090909085,0,1,0.6734
42117.1,27547.49,51,2927.95,8,688.4,0.1625,4,0,5,0.6540534829443874,0.06951761831611587,8423.42,0.0,0,0.15971136363636362,0,0,0.2174
34643.62,7354.85,62,5963.74,6,700.7,0.3949,3,0,9,0.2122941455267802,0.17214043623512104,8660.905,0.0,1,0.23322409090909085,0,0,0.3142
42852.53,18177.63,59,18722.16,8,755.9,0.1916,6,1,7,0.42418045841264423,0.4368872295934547,6121.79,0.14285714285714285,0,0.16979896103896105,0,0,0.2668
26686.48,63719.78,69,16672.13,7,737.0,0.2615,4,0,19,2.3876282061850724,0.6247172831604932,5337.296,0.0,0,0.1634340909090909,1,1,0.7017
76094.49,15239.59,49,3837.75,2,655.5,0.0324,8,0,15,0.20026929322618198,0.05043334368436289,8454.943333333335,0.0,0,0.13511272727272727,0,0,0.0326
52559.77,43200.89,40,4636.99,9,850.0,0.2891,2,1,29,0.8219227001430915,0.0882215005602087,17519.923333333332,0.3333333333333333,0,0.201185,0,0,0.2104
39380.65,15141.95,36,11104.37,2,743.6,0.2572,7,0,10,0.3844925238023293,0.2819681247484552,4922.58125,0.0,0,0.15772909090909087,0,0,0.1549
30988.04,16266.2,60,7298.88,9,595.2,0.2988,5,2,29,0.5249017071842174,0.23553101354543413,5164.673333333333,0.3333333333333333,0,0.36672545454545447,1,1,0.7381
29813.41,7288.2,59,8091.71,5,667.1,0.3068,4,0,26,0.24445226318414484,0.2714026539515624,5962.682,0.0,1,0.22377090909090908,0,0,0.2362
13894.49,15229.65,67,11202.93,4,676.0,0.2602,8,1,24,1.0960138865200149,0.806227776062593,1543.8322222222223,0.1111111111111111,0,0.23513060606060604,0,1,0.5864
34169.8,20569.31,61,4112.11,5,747.3,0.5879,9,0,19,0.6019557634003301,0.12033988083392837,3416.9800000000005,0.0,1,0.2711195454545455,0,0,0.3729
26323.55,17805.42,47,13112.23,7,679.7,0.4705,2,1,20,0.6763807928340655,0.49809892286857704,8774.516666666666,0.3333333333333333,1,0.3730477272727273,0,1,0.7531
62286.8,7254.16,22,10073.73,9,618.4,0.4957,5,1,23,0.11646197168626922,0.1617287815591496,10381.133333333333,0.16666666666666666,1,0.37087681818181817,0,0,0.4735
41963.68,26825.31,53,5095.66,4,634.7,0.1933,10,2,2,0.6392354236944021,0.12142735271661788,3814.88,0.18181818181818182,0,0.25920954545454544,1,1,0.7667
11549.01,10470.12,21,4809.53,8,726.8,0.2879,4,2,5,0.9065031112527175,0.4164091632821097,2309.802,0.4,0,0.299165,0,1,0.7589
45474.53,15034.81,39,31244.16,6,729.7,0.172,6,1,18,0.3306131891151131,0.6870543344959367,6496.361428571428,0.14285714285714285,0,0.17961168831168828,1,0,0.2707
44025.27,7943.62,26,2947.69,4,685.8,0.3624,6,3,4,0.18042909381149028,0.06695298057273533,6289.324285714285,0.42857142857142855,1,0.35990233766233765,1,1,0.864
11062.7102,6236.56,33,6930.81,4,677.1,0.3849,2,2,19,0.5636951698174452,0.6264453673054452,3687.5700666666667,0.6666666666666666,1,0.4447422727272727,1,1,0.8218
50016.43,8133.35,23,15520.39,7,691.4,0.2487,6,0,11,0.16261031404452408,0.31029962954913914,7145.204285714286,0.0,0,0.18797227272727274,0,0,0.123
116488.3391999999,11767.99,22,4626.46,4,685.8,0.2393,8,0,14,0.10102203412619247,0.03971573735221261,12943.148799999988,0.0,0,0.18824590909090913,0,0,0.0157
47952.01,14497.51,55,4970.65,3,744.0,0.3663,2,1,4,0.3023274242847321,0.10365668390785061,15984.003333333334,0.3333333333333333,1,0.2956595454545454,1,0,0.4627
14940.05,12654.81,52,10385.56,9,716.4,0.3123,5,2,0,0.8469826417822041,0.6951024191740206,2490.008333333333,0.3333333333333333,1,0.29432318181818184,1,1,0.8528
40070.19,23800.37,52,4184.54,1,729.4,0.116,5,0,16,0.5939521636367674,0.10442764489899102,6678.365000000001,0.0,0,0.11734545454545454,0,0,0.1224
18709.79,8103.96,55,2245.31,1,663.7,0.2139,4,0,23,0.43311693413265817,0.12000081236548536,3741.958,0.0,0,0.19341954545454543,0,0,0.2196
40482.12,17718.48,34,6599.23,6,786.7,0.0496,5,0,8,0.4376757522641535,0.16301189236402724,6747.02,0.0,0,0.057641818181818155,0,0,0.0569
33091.17,19686.99,42,8506.24,5,738.2,0.4302,5,3,19,0.594913842156619,0.2570469086796061,5515.195,0.5,1,0.3717154545454545,1,1,0.8973
38456.85,18065.12,64,7759.45,5,730.1,0.1592,4,0,10,0.46973816789030065,0.20176504926822483,7691.37,0.0,0,0.13201999999999997,0,0,0.1361
20234.86,2721.06,47,9710.91,7,650.3,0.026586000000000002,2,4,15,0.13446722798042682,0.47988620201958304,6744.953333333334,1.3333333333333333,0,0.5363869181818182,1,1,0.754
31623.32,22657.6,44,8584.87,8,600.1,0.3122,5,3,16,0.7164612551352882,0.2714641769372433,5270.553333333333,0.5,1,0.4182972727272727,1,1,0.9501
17278.51,20355.06,47,3565.17,7,710.0,0.1808,2,0,29,1.1779882647135251,0.20632355894351173,5759.503333333333,0.0,0,0.15237090909090906,0,0,0.2226
46283.78,14589.91,43,4019.88,7,675.9,0.0938,4,1,2,0.31522046772178675,0.08685101236302734,9256.756,0.2,0,0.20362090909090907,0,0,0.2601
45429.04,7982.23,58,9136.48,2,681.6,0.5706,7,2,11,0.1757037854247982,0.20111098295312968,5678.63,0.25,1,0.38187363636363636,0,1,0.8303
42240.26,15013.64,44,7129.76,1,734.5,0.0802,2,1,23,0.3554259508357468,0.16878663183816012,14080.086666666668,0.3333333333333333,0,0.20156999999999997,0,0,0.1674
27982.61,9761.46,33,10788.61,4,617.5,0.3348,4,0,24,0.3488277602496604,0.3855331745975591,5596.522,0.0,1,0.26513454545454546,0,0,0.4289
23940.23,4969.88,31,8006.35,7,794.8,0.5231,4,0,8,0.20758666116987307,0.33441681985428484,4788.046,0.0,1,0.21821227272727275,1,0,0.3123
19435.22,39502.05,64,5422.57,7,628.1,0.2126,6,0,29,2.03239364444321,0.27899303465385755,2776.46,0.0,0,0.21561909090909087,0,1,0.5227
52575.58,16516.81,30,5588.79,6,684.1,0.1745,4,2,22,0.31414766803013816,0.10629808937743764,10515.116,0.4,0,0.28664772727272725,0,0,0.3905
24180.57,11455.88,43,6618.52,7,736.0,0.2906,5,1,10,0.4737442606083889,0.27370100452534724,4030.095,0.16666666666666666,0,0.22425545454545454,0,0,0.4001
50623.79,49842.01,69,15712.3,5,753.7,0.1649,8,2,25,0.9845376148720815,0.3103677072043163,5624.865555555556,0.2222222222222222,0,0.1856634848484848,0,1,0.5978
26176.21,28139.98,43,6755.86,10,811.2,0.2989,5,0,12,1.074980106741704,0.2580817436235565,4362.701666666667,0.0,0,0.12930590909090905,0,0,0.202
25899.82,5127.2,36,1934.13,1,690.8,0.2124,4,0,25,0.19795512265634832,0.0746744697658221,5179.964,0.0,0,0.17564909090909092,0,0,0.1339
36989.99,19913.25,35,12616.03,8,653.3,0.2272,5,2,12,0.5383270358538661,0.3410568357321608,6164.998333333333,0.3333333333333333,0,0.3046927272727273,1,1,0.7224
38001.13,11076.09,38,11408.38,6,730.5,0.1282,5,2,23,0.29145971554752326,0.3002036991084447,6333.5216666666665,0.3333333333333333,0,0.22091545454545453,0,0,0.3332
37457.35,10306.92,67,6930.54,3,757.1,0.0408,3,0,15,0.27515680749419025,0.18501989543052486,9364.3375,0.0,0,0.0733981818181818,0,0,0.0576
44622.16,20012.91,24,10000.12,9,742.4,0.186,7,1,1,0.44848706366828345,0.2241015651961896,5577.77,0.125,0,0.1710727272727273,0,0,0.2804
61586.18,13173.12,57,11311.97,6,725.8,0.2338,7,1,20,0.21389386557397175,0.18367410230505762,7698.2725,0.125,0,0.19836636363636367,0,0,0.1304
25624.09,8358.24,28,32009.493999999933,3,699.9,0.3342,8,0,24,0.32617407392520376,1.2491465981192624,2847.121111111111,0.0,1,0.21248818181818183,1,0,0.3727
49491.32,58358.96,34,5444.88,4,694.5,0.3164,2,1,4,1.1791518360828508,0.11001464469638926,16497.106666666667,0.3333333333333333,1,0.30969454545454544,0,1,0.862
13678.66,14003.0,69,7916.83,3,716.5,0.3115,3,1,7,1.0236365523704536,0.5787300269158736,3419.665,0.25,1,0.26897954545454544,1,1,0.7042
75864.68,4470.83,49,11611.02,7,622.8,0.0701,5,1,18,0.05893086307273592,0.15304706950494612,12644.113333333333,0.16666666666666666,0,0.2191168181818182,0,0,0.0902
30985.69,18627.07,33,4351.41,5,682.0,0.5334,3,1,18,0.601131324449304,0.14042835811117613,7746.4225,0.25,1,0.3685990909090909,0,1,0.7582
51168.25,18241.59,63,5381.13,4,759.8,0.2069,6,0,24,0.35649516066778386,0.10516335494462006,7309.75,0.0,0,0.129815,0,0,0.0551
21935.15,17417.21,42,10400.28,3,630.9,0.5046,6,0,12,0.7939957558641785,0.4741160139769285,3133.592857142857,0.0,1,0.3160372727272727,0,1,0.7385
11062.7102,11120.29,37,9624.8,4,706.4,0.086,3,2,5,1.0051139987379643,0.8699432492365897,2765.67755,0.5,0,0.27148181818181816,0,1,0.6999
11062.7102,13362.25,30,18845.03,2,716.5,0.5126,4,0,4,1.2077548813597812,1.7033191993767154,2212.54204,0.0,1,0.2643645454545454,0,1,0.8236
14329.6,20790.75,56,10920.23,3,686.7,0.0898,4,0,13,1.450794104922334,0.7620218274182518,2865.92,0.0,0,0.13534818181818176,0,0,0.3614
47598.94,23488.59,43,9868.97,9,812.6,0.3664,2,0,20,0.49345839511562406,0.20733156386331578,15866.313333333334,0.0,1,0.15203999999999998,0,0,0.1754
23145.4,8245.79,35,7976.37,9,837.6,0.274,3,1,6,0.3562450316247883,0.3446052085853523,5786.35,0.25,0,0.17879090909090908,0,0,0.2235
50198.6,10995.29,49,3578.73,6,730.9,0.4789,2,1,29,0.21903142654523147,0.07129001027896636,16732.866666666665,0.3333333333333333,1,0.34340590909090907,0,0,0.3491
31786.8,6219.67,56,3699.68,8,724.0,0.192,5,1,29,0.1956621722799313,0.11638678990052788,5297.8,0.16666666666666666,0,0.19738181818181819,0,0,0.1383
32611.67,8777.93,22,13481.79,8,683.7,0.1575,7,0,15,0.26915704847226557,0.4133911758834834,4076.45875,0.0,0,0.1609522727272727,0,0,0.128
104879.96,8363.8,49,11125.85,2,560.5,0.2352,5,2,13,0.07974564687432303,0.1060807414424887,17479.993333333336,0.3333333333333333,0,0.3665472727272727,0,0,0.3535
26955.85,65747.51,49,24197.8,4,665.8,0.6468,5,3,8,2.438990831643905,0.897649391527571,4492.641666666666,0.5,2,0.4935981818181818,1,1,0.9989
37998.14,10782.27,33,13917.02,6,711.4,0.1657,6,1,9,0.2837503690873004,0.36624565713855634,5428.305714285714,0.14285714285714285,0,0.18905214285714284,0,0,0.2803
54039.26,7818.52,58,9392.89,8,641.5,0.2178,2,0,5,0.14467954077200962,0.1738128202936107,18013.086666666666,0.0,0,0.20891181818181817,0,0,0.1962
34317.67,7201.14,65,9155.53,2,616.7,0.4721,1,2,22,0.20983155815770252,0.26677986064145265,17158.835,1.0,1,0.6136986363636363,1,1,0.8049
15719.52,17907.04,65,6354.62,10,715.0,0.0396,5,1,9,1.1390870022111228,0.4042245421907163,2619.92,0.16666666666666666,0,0.1497690909090909,0,0,0.3392
74355.08,24897.99,63,7678.31,9,698.2,0.321,3,0,9,0.33484807160355956,0.10326405049862769,18588.77,0.0,1,0.20894999999999997,0,0,0.1883
44443.63,15869.64,53,7173.62,4,825.0,0.4868,4,0,9,0.3570654092519164,0.16140577613088467,8888.725999999999,0.0,1,0.1862890909090909,0,0,0.2135
28881.57,13045.28,65,7824.21,8,726.0,0.3501,7,1,28,0.4516661779059135,0.2708972920346077,3610.19625,0.125,1,0.2389440909090909,0,0,0.3615
53927.77,5716.41,43,7532.28,7,643.3,0.0687,7,0,29,0.10599926532720846,0.13967090293362894,6740.97125,0.0,0,0.15558136363636366,0,0,0.0365
33478.78,22446.66,55,5625.08,7,653.3,0.2071,8,1,29,0.6704542264017267,0.16801424621069794,3719.8644444444444,0.1111111111111111,0,0.23099106060606062,0,0,0.3568
62605.52,14480.99,40,12423.42,2,588.4,0.2083,2,0,14,0.2313016280093511,0.19843652066909326,20868.506666666664,0.0,0,0.23937772727272727,0,0,0.2933
30314.0,26430.14,26,2747.26,2,636.5,0.2149,4,0,18,0.8718502391555335,0.09062378360547585,6062.8,0.0,0,0.21107863636363636,0,0,0.3967
74957.19,6261.06,39,12085.97,4,566.7,0.3914,5,0,20,0.08352736372102902,0.16123615044600195,12492.865,0.0,1,0.31727181818181815,0,0,0.2367
59460.54,62267.41,61,6998.14,4,662.5,0.0396,3,1,6,1.0471879806678401,0.1176918727634703,14865.135,0.25,0,0.20817818181818182,1,1,0.6211
25414.88,27712.77,51,7263.26,3,761.0,0.1738,7,0,11,1.0903722397178457,0.28577645157279624,3176.86,0.0,0,0.11746636363636365,0,0,0.2175
116488.3391999999,13779.44,50,6446.06,7,784.4,0.3445,3,2,12,0.11828927947082056,0.05533605087185529,29122.084799999975,0.5,1,0.31232045454545454,0,0,0.1326
47389.44,22359.65,34,9926.5,1,742.7,0.3703,6,2,21,0.47181773370325325,0.2094620771615541,6769.92,0.2857142857142857,1,0.2836011038961038,0,1,0.6777
37043.45,8974.03,44,7821.66,3,800.2,0.4067,7,0,26,0.24225032359773194,0.2111425598166527,4630.43125,0.0,1,0.17403590909090907,0,0,0.11
29803.4,17752.76,48,3764.27,9,647.3,0.695941999999999,5,2,4,0.5956422541638147,0.12629913704016857,4967.233333333334,0.3333333333333333,2,0.4725706090909087,0,1,0.9655
50300.5,8996.92,30,3018.77,5,742.2,0.3321,2,2,12,0.17885987495402722,0.06001351848354423,16766.833333333332,0.6666666666666666,1,0.384835,0,0,0.4756
11062.7102,14703.07,38,13575.93,4,686.9,0.1451,4,1,22,1.328945691292601,1.2270684747328253,2212.54204,0.2,0,0.21457590909090907,0,1,0.5772
11062.7102,6077.47,32,5483.88,6,625.5,0.2292,4,0,13,0.54931572593071,0.4956637421685178,2212.54204,0.0,0,0.22308363636363635,0,0,0.3889
32030.66,13455.9,68,5371.44,8,684.3,0.2003,7,1,23,0.4200812571062505,0.16769159013301213,4003.8325,0.125,0,0.21305045454545457,0,0,0.2548
48372.23,7762.61,44,26893.14,1,715.6,0.256,4,0,15,0.16047326176068868,0.5559508844044526,9674.446,0.0,0,0.17512727272727271,0,0,0.1681
18846.8,12646.54,39,6730.54,7,830.1,0.535,7,2,1,0.670982289710205,0.3570995023291843,2355.85,0.25,1,0.2749136363636363,1,1,0.8155
34397.24,13625.59,67,5246.41,5,612.1,0.1807,6,0,25,0.39611299880459006,0.15251972193926203,4913.891428571428,0.0,0,0.21463590909090904,0,0,0.1775
28819.98,18118.3,39,6149.18,10,763.2,0.0936,5,2,26,0.628649685055817,0.21335776923616062,4803.33,0.3333333333333333,0,0.1879963636363636,0,0,0.3026
30833.2,17071.21,43,3802.9,8,717.2,0.2255,5,2,13,0.5536453029428362,0.12333383061665294,5138.866666666667,0.3333333333333333,0,0.26343409090909087,0,1,0.5665
85767.68,12060.85,39,6832.11,6,680.7,0.1125,6,1,16,0.1406206787839104,0.07965739941433167,12252.525714285714,0.14285714285714285,0,0.18996850649350647,0,0,0.0665
14315.2,10611.17,55,7274.17,10,554.5,0.3383,5,2,8,0.7412001788184015,0.5081075983850463,2385.866666666667,0.3333333333333333,1,0.40645045454545453,1,1,0.9353
87900.87,7757.91,48,3206.75,10,670.5,0.0868,5,1,11,0.0882564841908369,0.03648102139351529,14650.144999999999,0.16666666666666666,0,0.19460727272727274,0,0,0.0515
44600.1,73033.47119999999,38,12301.95,2,850.0,0.3831,3,0,9,1.6374813894724567,0.2758216725596454,11150.025,0.0,1,0.13408499999999998,0,1,0.694
27871.61,6371.83,21,11389.74,9,657.7,0.4047,8,0,3,0.22860543020549565,0.4086355744941001,3096.8455555555556,0.0,1,0.2640177272727272,0,0,0.426
37127.33,4935.26,40,4330.66,8,679.5,0.695941999999999,4,2,11,0.132924373382805,0.11664031212823199,7425.466,0.4,2,0.47207969999999966,1,1,0.8976
36384.5,16543.19,51,8862.63,2,636.4,0.0956,3,1,25,0.45466435805471955,0.24357587500515313,9096.125,0.25,0,0.2443872727272727,0,0,0.3399
101737.28,73033.47119999999,34,9344.85,3,550.4,0.0718,4,2,7,0.7178563584916119,0.09185185753091167,20347.456,0.4,0,0.3357845454545454,1,1,0.8341
55933.23,25786.19,36,4574.05,9,668.0,0.3448,5,0,21,0.4610091173151038,0.08177550669777701,9322.205,0.0,1,0.23649818181818183,0,0,0.2359
35852.93,10558.78,36,10613.26,1,811.6,0.4698,5,0,21,0.29449435529103785,0.2960138539903436,5975.488333333334,0.0,1,0.1888663636363636,0,0,0.197
11062.7102,37602.67,65,3861.85,5,775.3,0.2468,6,1,24,3.3987396018380887,0.3490555998113544,1580.3871714285713,0.14285714285714285,0,0.17677350649350654,0,1,0.6816
20770.89,18845.26,53,2966.19,2,643.6,0.6426,5,1,3,0.9072482089978331,0.1427982720879034,3461.815,0.16666666666666666,2,0.40625545454545453,1,1,0.9453
88668.43,8928.19,27,11188.85,5,642.4,0.4491,5,0,5,0.10069073411208351,0.12618610495184193,14778.071666666665,0.0,1,0.28929409090909086,0,0,0.191
40600.67,9421.44,30,12849.89,7,692.2,0.1281,4,1,1,0.23204562767984668,0.316486735644125,8120.134,0.2,0,0.20525318181818175,0,0,0.3034
73162.69,24909.86,33,6940.58,8,672.1,0.0315,6,1,23,0.3404675187924502,0.09486372270179375,10451.812857142857,0.14285714285714285,0,0.16709123376623375,0,0,0.0944
28399.48,6403.09,22,16118.35,10,725.0,0.3544,4,1,3,0.22545710495033888,0.5675379430206814,5679.896,0.2,1,0.2635854545454545,0,1,0.5493
38216.23,7585.23,44,4416.28,8,850.0,0.2553,3,1,6,0.19847670801887,0.11555730229532594,9554.0575,0.25,0,0.164355,0,0,0.124
50200.84,29514.03,46,4077.98,10,561.0,0.092,5,0,19,0.587907335667378,0.08123168393827797,8366.806666666665,0.0,0,0.2161090909090909,1,0,0.2264
36609.56,25519.62,38,8105.39,5,747.6,0.3679,5,2,2,0.6970562591776799,0.22139486530662195,6101.593333333333,0.3333333333333333,1,0.2939286363636363,0,1,0.819
18489.36,10197.65,55,14401.79,5,782.1,0.243,3,1,14,0.5515117066406495,0.7788809952861924,4622.34,0.25,0,0.20325909090909083,0,0,0.3582
32124.08,10308.67,51,5321.57,7,773.6,0.2272,2,2,6,0.3208916522542512,0.16565157191826446,10708.026666666667,0.6666666666666666,0,0.3281381818181818,0,0,0.403
38037.95,25538.73,50,18430.75,3,672.8,0.1248,7,2,28,0.6713836738395776,0.4845231006639248,4754.74375,0.25,0,0.23144363636363635,0,1,0.61
34414.5,3344.04,26,9001.29,10,793.3,0.4948,5,0,1,0.09716668361639377,0.2615475585128794,5735.75,0.0,1,0.2092618181818182,0,0,0.2247
32570.35,6014.15,62,20085.07,4,850.0,0.2238,6,0,7,0.18464540155688972,0.6166483734938835,4652.907142857142,0.0,0,0.07833,0,0,0.0698
26182.81,10950.39,67,13064.19,4,751.7,0.2643,5,2,2,0.41821224642250304,0.4989415214974444,4363.801666666667,0.3333333333333333,0,0.2550595454545454,1,1,0.6611
25104.73,27212.35,59,9081.51,10,700.3,0.026586000000000002,6,2,11,1.0839099281319444,0.3617305690772585,3586.39,0.2857142857142857,0,0.19028302207792208,0,1,0.598
45931.78,25700.8,56,7225.91,3,625.4,0.2888,3,2,6,0.5595306881055316,0.15731488492531914,11482.945,0.5,0,0.39400727272727265,1,1,0.8213
31670.72,31495.91,66,11331.8,8,621.3,0.3003,6,0,17,0.994448991087317,0.3577892201623404,4524.388571428572,0.0,1,0.25064136363636363,1,1,0.5552
45479.2,14854.56,68,6155.96,9,798.8,0.0501,6,1,24,0.3266159779420495,0.1353547257927626,6497.028571428571,0.14285714285714285,0,0.09297396103896108,0,0,0.0514
69983.35,11947.43,36,8396.21,8,701.8,0.3408,5,0,16,0.17071573859012765,0.11997267960622622,11663.891666666668,0.0,1,0.2135890909090909,1,0,0.1032
44639.14,7415.56,35,14435.03,5,684.8,0.2801,8,1,3,0.16611865464579637,0.3233643532479961,4959.904444444444,0.1111111111111111,0,0.2364956060606061,0,0,0.3698
24828.45,8094.17,34,8795.05,2,791.5,0.2984,9,0,5,0.32599070861416585,0.35421847846005444,2482.8450000000003,0.0,0,0.1416672727272727,0,0,0.149
29383.74,73033.47119999999,62,6704.99,8,572.2,0.4035,3,3,5,2.48542172569844,0.22817932028665217,7345.935,0.75,1,0.5430068181818182,1,1,0.9972
62282.73,5818.94,60,10096.41,8,850.0,0.1711,4,1,28,0.09342632498085775,0.162103489948338,12456.546,0.2,0,0.11988499999999999,0,0,0.0275
34029.63,15184.8,44,32009.493999999933,2,623.1,0.5026,3,0,16,0.4462097821874,0.9406083284382315,8507.4075,0.0,1,0.3203009090909091,0,1,0.7753
28402.42,28903.75,27,2773.57,7,634.0,0.3295,10,1,27,1.0176151322622418,0.09764915633399078,2582.038181818182,0.09090909090909091,1,0.28005227272727273,0,1,0.6706
16639.27,19100.99,63,21064.18,10,645.8,0.2357,10,1,25,1.1478774082391692,1.2658556621977888,1512.6609090909092,0.09090909090909091,0,0.23971318181818183,0,1,0.6344
46258.07,20059.05,22,4542.4,10,690.4,0.1723,6,1,5,0.43362415197711496,0.09819479725813769,6608.295714285714,0.14285714285714285,0,0.20472577922077922,0,0,0.2975
116488.3391999999,24603.5,29,4034.03,5,623.9,0.3119,8,1,5,0.21120816865274158,0.03463003591319199,12943.148799999988,0.1111111111111111,1,0.2863801515151515,0,0,0.1878
36881.25,24293.59,49,13419.13,7,756.3,0.1801,5,0,6,0.6586797172081421,0.36383707610029214,6146.875,0.0,0,0.12266227272727276,0,0,0.1775
43234.24,21871.36,64,11582.29,8,775.8,0.0921,1,0,18,0.5058688236725413,0.26789003599841243,21617.12,0.0,0,0.07945318181818184,0,0,0.1063
35224.3,23057.23,31,4890.28,2,625.9,0.4275,6,1,9,0.6545644749654367,0.1388286260159601,5032.042857142857,0.14285714285714285,1,0.33509123376623373,1,1,0.8188
34503.0,58927.11,50,9071.32,1,615.3,0.5233,3,0,11,1.7078341641548807,0.2629063297009042,8625.75,0.0,1,0.3325095454545455,1,1,0.945
68627.0,26750.97,58,11235.19,1,655.6,0.1571,3,1,14,0.389796730197587,0.16371145887975755,17156.75,0.25,0,0.2536940909090909,0,0,0.3349
45692.66,6419.12,65,28880.61,5,623.3,0.0466,7,0,19,0.1404816335570405,0.6320485161398758,5711.5825,0.0,0,0.1605736363636364,1,0,0.1047
27687.08,6293.08,45,10697.54,3,692.3,0.334,6,1,17,0.22728480992542638,0.38635903970228347,3955.297142857143,0.14285714285714285,1,0.26011168831168835,0,1,0.5036
11728.68,24854.11,52,4464.48,1,540.9,0.1249,4,0,24,2.1189077621895906,0.3806139638933031,2345.736,0.0,0,0.24041500000000002,0,1,0.6585
44023.35,8658.09,43,9750.83,10,655.7,0.0709,6,0,12,0.19666593601041243,0.22148719969744018,6289.05,0.0,0,0.1484604545454545,0,0,0.0779
13948.26,16353.33,56,3833.28,6,707.1,0.3091,9,0,5,1.1723439092826429,0.2748016740672982,1394.826,0.0,1,0.19912136363636357,1,0,0.4309
19167.2,14564.12,58,3315.3,6,645.8,0.5142,5,0,17,0.7598063459271085,0.1729583372460638,3194.5333333333333,0.0,1,0.30991545454545455,1,1,0.6209
73404.53,30165.29,25,5046.76,3,839.5,0.1842,4,1,9,0.4109402929179859,0.06875176842943577,14680.905999999999,0.2,0,0.13115181818181817,0,0,0.1095
82759.74,28837.41,33,7076.72,10,648.7,0.1796,4,3,22,0.34844311445257736,0.08550817694476874,16551.948,0.6,0,0.37095999999999996,0,1,0.5672
47363.71,7057.31,54,3015.42,10,669.7,0.2518,2,2,12,0.14899932882519498,0.06366385437596894,15787.903333333334,0.6666666666666666,0,0.40286636363636363,0,0,0.4189
59740.75,16751.42,41,7904.77,8,655.4,0.266,3,0,4,0.28039720965656345,0.1323156753861412,14935.1875,0.0,0,0.21693636363636362,0,0,0.2173
67574.1,11455.63,43,7497.09,3,691.2,0.3947,9,1,23,0.16952442541705448,0.11094456390001642,6757.410000000001,0.1,1,0.2691995454545454,0,0,0.2405
85976.81,4937.25,68,2616.72,1,638.2,0.1678,7,0,15,0.057424700629150706,0.03043482963801939,10747.10125,0.0,0,0.19351181818181815,0,0,0.0327
27670.13,43602.76,57,10253.77,4,663.3,0.3654,7,0,29,1.575749165285263,0.37055841232360226,3458.76625,0.0,1,0.24669909090909092,0,1,0.6474
90062.89,21363.31,32,3384.23,9,688.0,0.3256,4,1,29,0.237201724242646,0.037575880855246206,18012.578,0.2,1,0.2770509090909091,0,0,0.1476
63863.01,5321.24,52,9547.31,5,656.1,0.5283,4,0,19,0.08332141999852498,0.1494943709297302,12772.602,0.0,1,0.30829590909090904,0,0,0.2585
24020.13,32792.5,37,15651.34,5,671.7,0.3763,5,1,15,1.3651522638610256,0.6515655175256118,4003.355,0.16666666666666666,1,0.2951686363636363,1,1,0.8657
28109.94,5649.63,21,7167.32,9,663.0,0.3298,7,1,6,0.2009762035705672,0.2549655045331106,3513.7425,0.125,1,0.27192999999999995,1,1,0.5475
39576.08,8491.43,33,3924.65,5,720.4,0.2268,6,0,6,0.21455423189381329,0.09916471856943462,5653.725714285714,0.0,0,0.16185272727272726,0,0,0.1172
55143.19,20316.4,66,5267.04,10,850.0,0.0652,2,3,1,0.3684232192004271,0.09551396076359087,18381.063333333335,1.0,0,0.32282,0,0,0.2604
50268.03,30048.81,45,5445.75,3,696.2,0.1222,3,0,20,0.5977598931190835,0.10833210825830536,12567.0075,0.0,0,0.14064272727272725,0,0,0.1593
86206.23,9821.96,35,8629.29,10,710.4,0.0448,4,1,8,0.11393429530214577,0.10009937681561049,17241.246,0.2,0,0.16451636363636363,0,0,0.05
14534.74,26968.73,30,2980.23,9,735.1,0.3306,6,1,7,1.8553393222498475,0.20502774540546267,2076.3914285714286,0.14285714285714285,1,0.23168532467532463,0,1,0.7502
59743.6,10241.31,40,13349.65,7,780.2,0.0864,5,2,26,0.17141817001034404,0.22344529882198558,9957.266666666666,0.3333333333333333,0,0.1746581818181818,0,0,0.1183
26524.24,41627.28,41,19719.71,3,684.3,0.2111,5,1,18,1.5693460266523507,0.7434319161673937,4420.706666666667,0.16666666666666666,0,0.22933045454545456,0,1,0.782
28684.49,7654.31,69,17104.82,4,685.1,0.4111,7,0,8,0.26683560225047576,0.5962882279507862,3585.56125,0.0,1,0.2488213636363636,0,0,0.4206
13509.19,51003.54,62,3212.13,5,722.1,0.4089,5,2,8,3.7751904303344364,0.23775609373369286,2251.5316666666668,0.3333333333333333,1,0.32450590909090904,1,1,0.9801
32201.92,19594.14,51,2488.45,3,679.5,0.1956,6,0,22,0.6084584876154088,0.07727404844032777,4600.274285714286,0.0,0,0.17696,0,0,0.1756
25911.52,13772.31,36,14410.72,2,579.6,0.4513,1,0,7,0.531492498606851,0.5561296238266289,12955.76,0.0,1,0.3300277272727272,0,1,0.8478
79278.25,59898.86,43,7221.52,7,812.7,0.2586,6,0,26,0.7555427176720264,0.09108966091379522,11325.464285714286,0.0,0,0.11424636363636362,0,0,0.0873
75446.39,13658.21,29,7339.35,4,660.0,0.2206,6,0,6,0.18102958896258703,0.09727771895091401,10778.055714285714,0.0,0,0.19811909090909088,1,0,0.091
75811.65,17378.88,45,14129.25,8,716.0,0.3126,8,1,25,0.22923456705444278,0.18637061229227578,8423.516666666666,0.1111111111111111,1,0.2280160606060606,0,0,0.1504
37070.99,11295.96,55,3897.68,10,786.7,0.4747,5,1,4,0.3047033622959005,0.10513813798503938,6178.498333333333,0.16666666666666666,1,0.2564268181818181,0,0,0.4167
11062.7102,11859.88,30,4573.03,1,736.5,0.3649,6,1,21,1.0719622789830485,0.41333602537781583,1580.3871714285713,0.14285714285714285,1,0.2427994155844156,1,1,0.6405
31262.47,9873.69,25,22268.53,9,804.5,0.2823,4,0,9,0.31582194810748776,0.7122859362700301,6252.494000000001,0.0,0,0.12775954545454546,0,0,0.1481
56226.24,21823.12,44,11385.58,3,811.8,0.2232,6,0,9,0.3881236212198927,0.20249224397285018,8032.32,0.0,0,0.10242909090909094,0,0,0.0707
22980.97,6352.27,36,2847.0,2,564.8,0.2795,8,3,15,0.276402327563738,0.1238797196236876,2553.4411111111112,0.3333333333333333,0,0.3793159090909091,1,1,0.9301
41749.06,13524.74,38,13611.0,4,727.2,0.6821,10,0,24,0.3239454027131937,0.32601150752837244,3795.3690909090906,0.0,2,0.3168804545454545,0,0,0.4505
13935.81,12028.63,26,11141.13,5,850.0,0.4882,4,2,24,0.8630834459248565,0.7994031632776797,2787.162,0.4,1,0.29086999999999996,1,1,0.7231
24018.88,20348.71,60,7404.25,2,687.0,0.2425,3,1,25,0.8471611848185752,0.308255078709802,6004.72,0.25,0,0.2636022727272727,0,1,0.503
15490.83,8037.71,46,4884.31,2,732.1,0.1891,5,0,19,0.5188354119558503,0.3152829588241028,2581.805,0.0,0,0.14121227272727271,0,0,0.16
26089.59,8419.89,49,8376.15,2,759.6,0.337,5,0,25,0.3227175008307593,0.32104103433460107,4348.265,0.0,1,0.1754772727272727,0,0,0.1806
47938.78,25235.59,42,4195.47,9,684.9,0.3428,2,2,1,0.526401873350274,0.08751542038782824,15979.593333333332,0.6666666666666666,1,0.42504363636363635,0,1,0.7792
31187.94,13226.35,28,8308.5,8,712.3,0.432,7,3,28,0.42407180237609876,0.26639250965246014,3898.4925,0.375,1,0.3513272727272727,1,1,0.8664
30430.26,16754.56,68,13596.55,7,660.9,0.3962,9,1,6,0.5505706960539919,0.44679549910191035,3043.026,0.1,1,0.2890063636363637,1,1,0.7166
43552.71,5238.13,50,9566.49,4,695.2,0.1315,6,0,16,0.12026828483727334,0.21964810804865992,6221.815714285714,0.0,0,0.14453409090909086,0,0,0.0701
34485.35,5370.76,37,7648.72,6,700.8,0.3107,8,0,22,0.1557358201143351,0.22178978059435112,3831.7055555555553,0.0,1,0.20369045454545454,0,0,0.1421
55135.86,15832.99,24,2773.95,2,712.0,0.1101,8,0,25,0.28715799194948716,0.05031026431320173,6126.206666666667,0.0,0,0.12635318181818178,0,0,0.0427
23301.39,16335.85,51,11363.02,10,850.0,0.2108,4,1,22,0.7010375330599137,0.4876332427703768,4660.278,0.2,0,0.13377999999999998,0,0,0.1629
47624.26,20477.69,58,10456.86,10,692.4,0.2893,3,1,5,0.42997539540991475,0.2195654154958944,11906.065,0.25,0,0.2765459090909091,0,0,0.4363
17656.34,22023.81,51,12309.8,10,817.9,0.2084,7,0,28,1.2472892292950128,0.6971491742244301,2207.0425,0.0,0,0.09336727272727273,0,0,0.1135
74457.89,17506.07,45,11135.36,10,830.4,0.2878,7,0,7,0.23511054220657868,0.14955044320429703,9307.23625,0.0,0,0.11320272727272729,0,0,0.0295
21939.71,6512.78,61,3971.79,8,665.9,0.0726,4,0,0,0.2968354260185746,0.18102376814606275,4387.942,0.0,0,0.14256454545454544,0,0,0.1678
25268.26,7681.93,64,8557.43,2,619.8,0.6283,4,2,28,0.3040029664501454,0.33864980612807816,5053.652,0.4,2,0.4863959090909091,0,1,0.9352
46544.84,11333.56,39,14094.01,1,584.1,0.345,7,1,24,0.24349243670325857,0.3027984885437668,5818.105,0.125,1,0.32745909090909087,0,1,0.6085
49859.04,64034.81,24,3619.18,9,795.2,0.2111,3,1,21,1.2842911878931504,0.07258678492837149,12464.76,0.25,0,0.1837577272727272,1,0,0.4739
65428.02,9373.87,61,7817.0,9,660.6,0.1258,6,2,16,0.14326777322967701,0.11947298003240764,9346.859999999999,0.2857142857142857,0,0.2502715584415584,0,0,0.2456
41997.55,4404.23,48,8694.27,4,756.2,0.2676,5,1,11,0.10486623942969459,0.20701357546867688,6999.591666666667,0.16666666666666666,0,0.20335090909090903,1,0,0.1983
19772.64,7313.83,49,10841.4,3,679.0,0.2615,4,1,14,0.3698777766764238,0.5482753807594353,3954.528,0.2,0,0.26034318181818183,0,1,0.5168
41983.01,6282.89,23,21482.45,9,632.6,0.4472,8,0,26,0.1496495927854438,0.5116817092983733,4664.778888888889,0.0,1,0.29486545454545454,0,0,0.3077
47320.87,8468.36,28,2764.96,6,714.0,0.1167,4,1,14,0.1789523533199343,0.05842879835475648,9464.174,0.2,0,0.18739045454545455,0,0,0.1395
45358.98,12470.33,54,8584.18,5,704.7,0.3832,4,0,12,0.27491921292734256,0.18924567427057948,9071.796,0.0,1,0.22658363636363632,0,0,0.2662
67118.19,8647.49,50,2764.72,3,825.3,0.2958,8,1,22,0.12883781821562507,0.041191200310969185,7457.576666666667,0.1111111111111111,0,0.1525815151515152,0,0,0.0501
15477.98,4414.43,41,18332.51,9,674.4,0.2532,8,0,18,0.28518868814353404,1.1843487103155375,1719.7755555555555,0.0,0,0.2003654545454545,0,0,0.2584
21017.94,10548.79,38,9421.3,7,774.7,0.0736,4,0,21,0.5018706937647666,0.44822907339761187,4203.588,0.0,0,0.07367818181818181,0,0,0.0731
11344.07,5724.2,44,4729.42,8,664.1,0.2753,7,0,25,0.5045539604427297,0.4168700589771593,1418.00875,0.0,0,0.21465499999999998,0,0,0.2273
31116.35,10865.02,64,11890.21,2,663.8,0.4795,3,0,8,0.34916276610958197,0.3821086949884871,7779.0875,0.0,1,0.2863159090909091,0,1,0.5997
65453.32,11261.15,23,7197.92,3,780.2,0.0942,2,0,25,0.17204593982490385,0.10996860100295901,21817.773333333334,0.0,0,0.0773881818181818,0,0,0.032
18765.13,31043.83,51,5200.39,7,830.1,0.3189,4,2,0,1.6542478390589854,0.2771157398994891,3753.0260000000003,0.4,1,0.2442786363636363,1,1,0.8175
20358.78,43230.37,28,16794.56,9,672.4,0.4605,4,0,13,2.1233220594721556,0.8248890705105852,4071.756,0.0,1,0.2741931818181818,1,1,0.8769
80993.74,6798.73,62,17220.42,4,828.4,0.2101,4,0,27,0.08394038921539843,0.2126115844065923,16198.748000000001,0.0,0,0.08728045454545458,0,0,0.0134
57301.16,10873.6,64,13999.13,5,679.2,0.2998,4,0,27,0.18975898988799025,0.2443037051308362,11460.232,0.0,0,0.21362090909090906,0,0,0.1104
19082.87,9144.4,44,15144.82,4,691.4,0.2561,6,2,12,0.47916905742912735,0.7935927042051744,2726.1242857142856,0.2857142857142857,0,0.2762765584415584,0,1,0.7615
28421.15,7812.87,51,11021.4,5,850.0,0.3601,7,0,25,0.2748866640982473,0.3877750275753241,3552.64375,0.0,1,0.12603499999999998,0,0,0.083
79984.87,19638.39,64,4354.65,8,745.4,0.1504,6,0,27,0.2455232405423608,0.05444274094912014,11426.41,0.0,0,0.11920363636363637,0,0,0.0181
60719.9,18147.03,45,16574.21,6,815.9,0.5349,4,2,2,0.2988597006961359,0.27295725195114035,12143.98,0.4,1,0.328915,1,1,0.6698
43558.02,10251.72,49,19807.63,1,672.4,0.1117,4,0,29,0.23535240232677412,0.4547308456434512,8711.604,0.0,0,0.15211318181818181,0,0,0.1078
116488.3391999999,30743.09,32,16797.79,10,669.8,0.3539,4,1,13,0.2639133349981268,0.144200234247702,23297.66783999998,0.2,1,0.2985377272727273,0,0,0.2305
86138.28,34874.85,55,32009.493999999933,9,679.2,0.2368,4,1,22,0.4048658173135415,0.3716015968556962,17227.656,0.2,0,0.25157090909090907,0,0,0.2833
70833.91,16945.36,50,3052.38,1,704.6,0.0614,6,0,27,0.23922328693577785,0.04309146436411086,10119.130000000001,0.0,0,0.11401727272727272,0,0,0.0269
22411.39,11710.79,51,6584.21,6,804.4,0.5436,2,0,0,0.5225141093832475,0.29377545188174936,7470.463333333333,0.0,1,0.21927818181818182,0,0,0.4821
67234.22,7801.08,62,5067.51,8,645.5,0.1765,5,3,0,0.11602668958322736,0.07536987311114621,11205.703333333333,0.5,0,0.34191136363636365,1,1,0.6129
39799.8,6722.6,25,16906.51,1,605.8,0.3235,4,0,13,0.16890615264014794,0.42477814516291124,7959.960000000001,0.0,1,0.268625,0,0,0.4598
27207.03,72581.39,28,6343.18,7,680.7,0.1381,5,0,24,2.667645911887042,0.23313632041717097,4534.505,0.0,0,0.15607136363636362,0,1,0.6924
45961.9,12775.58,25,3953.96,9,655.0,0.1055,4,2,27,0.27795417608549505,0.08602503323332514,9192.380000000001,0.4,0,0.28101590909090907,0,0,0.3279
35066.22,18373.08,65,14024.8,9,648.3,0.2005,6,1,9,0.523938880812337,0.3999404572133177,5009.46,0.14285714285714285,0,0.24138668831168833,1,0,0.4804
27091.47,7094.94,35,12409.1,2,716.5,0.1034,7,0,15,0.2618786696081974,0.45802763646134886,3386.43375,0.0,0,0.12114454545454544,0,0,0.1093
58997.42,15392.3,24,13256.66,8,709.3,0.2278,4,1,16,0.2608934273155112,0.22469516980285234,11799.484,0.2,0,0.22926636363636366,0,0,0.2148
53285.07,27123.68,57,9877.33,5,522.489,0.5145,5,1,17,0.5090200872385597,0.1853642049413665,8880.845,0.16666666666666666,1,0.43849109090909083,1,1,0.8812
42225.36,53468.07,31,7364.91,10,850.0,0.1221,4,1,14,1.2662249362720348,0.1744149862787131,8445.072,0.2,0,0.10273499999999999,1,0,0.292
33242.03,9558.32,69,7913.99,6,646.4,0.1687,5,1,0,0.28752854357740554,0.23806464091871288,5540.338333333333,0.16666666666666666,0,0.23860863636363638,0,0,0.432
90312.18,66251.61,53,4326.76,7,614.5,0.3639,6,1,29,0.7335763174322951,0.047908400523600216,12901.74,0.14285714285714285,1,0.3200857792207792,0,1,0.6356
42310.48,29508.57,68,3549.98,8,694.9,0.153,9,0,26,0.6974128534383576,0.08390110674455253,4231.048000000001,0.0,0,0.15225,0,0,0.0968
18222.74,3014.03,53,24232.33,2,522.489,0.3057,9,2,4,0.16539030956324002,1.329712232505512,1822.2740000000001,0.2,1,0.37541109090909086,1,1,0.9596
62918.52,46605.03,60,16667.51,10,686.8,0.3604,1,0,9,0.7407086068043749,0.26490205265392996,31459.26,0.0,1,0.2299945454545455,0,1,0.671
35810.94,16439.93,44,3190.36,2,634.8,0.4039,4,1,8,0.45906281536269744,0.0890864890313119,7162.188,0.2,1,0.33831045454545455,1,1,0.7454
35694.88,17868.47,39,21285.48,2,785.6,0.3285,7,0,23,0.5005751364022963,0.5963007495542904,4461.86,0.0,1,0.15595681818181814,1,0,0.1996
11246.68,19036.62,52,7245.82,8,662.4,0.2762,5,1,9,1.6924930296736749,0.6442057384278358,1874.4466666666667,0.16666666666666666,0,0.26605181818181817,1,1,0.7569
34755.12,20805.81,58,5012.53,1,736.4,0.125,3,1,22,0.5986229187837998,0.1442200682930085,8688.78,0.25,0,0.1910409090909091,0,0,0.2509
51219.75,14010.73,60,12914.37,8,781.3,0.1174,5,0,3,0.2735362133510345,0.25213160681950186,8536.625,0.0,0,0.08480818181818184,0,0,0.0548
55392.12,14578.28,33,16176.77,3,709.6,0.1646,8,0,5,0.26317853191876533,0.2920357257363369,6154.68,0.0,0,0.1469554545454545,0,0,0.1026
42992.77,8941.25,45,9306.46,4,706.6,0.3584,3,2,8,0.20796617742524093,0.21646066395200977,10748.1925,0.5,1,0.36669454545454544,0,1,0.6812
38790.74,5228.37,44,16088.26,10,691.3,0.2604,4,0,28,0.13478049708520423,0.41473416763465626,7758.147999999999,0.0,0,0.19213090909090913,0,0,0.1049
35183.77,11066.55,42,14943.68,2,808.1,0.5435,4,1,28,0.3145267114151947,0.42472012748697807,7036.753999999999,0.2,1,0.2768886363636363,0,0,0.4472
36515.48,14079.67,57,5142.08,5,787.7,0.1958,5,0,1,0.385570295932138,0.14081532502585134,6085.913333333334,0.0,0,0.1081754545454545,0,0,0.104
30978.44,16750.08,24,25693.63,1,685.9,0.537,6,1,17,0.5406837567109025,0.8293768383159928,4425.4914285714285,0.14285714285714285,1,0.3352344155844156,1,1,0.8449
13421.24,11361.52,39,9905.51,1,646.8,0.2236,1,0,10,0.8464697397751791,0.7379923172287189,6710.62,0.0,0,0.20756909090909095,1,1,0.5529
34114.5,8998.79,49,4995.25,2,789.1,0.64,3,0,21,0.26377423751667134,0.14642171446996233,8528.625,0.0,2,0.2627545454545454,0,0,0.4039
15450.35,6188.06,30,1904.1437,8,665.0,0.2665,5,1,3,0.40048668886537425,0.12323477883809505,2575.0583333333334,0.16666666666666666,0,0.26100227272727267,0,1,0.5382
28799.11,15054.6,23,9110.52,4,780.5,0.181,7,1,7,0.5227271701392807,0.31633629177110784,3599.88875,0.125,0,0.14507727272727272,0,0,0.2835
36122.84,13091.79,65,2694.21,3,755.0,0.0603,6,4,13,0.3624141287305005,0.07458260251401845,5160.405714285714,0.5714285714285714,0,0.25298811688311684,1,1,0.7402
19087.77,13247.7,56,12261.31,4,741.4,0.1026,6,0,15,0.6940049044542943,0.6423310669047821,2726.824285714286,0.0,0,0.10501909090909094,0,0,0.1471
43889.1,30224.31,36,8180.09,8,539.7,0.0596,5,0,18,0.6886361616856649,0.1863766544163718,7314.849999999999,0.0,0,0.21832363636363633,0,0,0.3232
40611.14,19263.95,37,2689.8,6,734.0,0.695941999999999,3,1,2,0.4743396925155877,0.06623142735152593,10152.785,0.25,2,0.39239788181818147,1,1,0.8435
54970.97,8840.36,45,2967.76,8,651.1,0.2509,5,1,7,0.16081577574898626,0.053986786356756,9161.828333333333,0.16666666666666666,0,0.2643877272727273,0,0,0.2708
37571.21,13110.0,44,5646.07,10,780.8,0.1123,4,2,23,0.34892810404285507,0.1502725019369369,7514.242,0.4,0,0.20334136363636368,0,0,0.2054
33583.47,3322.55,29,9669.56,6,811.3,0.4401,5,0,6,0.0989311428764545,0.2879176000097664,5597.245,0.0,1,0.17866227272727273,0,0,0.1764
79854.39,13915.87,41,11846.79,5,701.7,0.0682,6,1,0,0.1742633778383651,0.14835304166694321,11407.77,0.14285714285714285,0,0.1610998701298701,0,0,0.103
37710.72,4921.23,35,4995.22,3,727.5,0.555,5,3,1,0.13049603677583518,0.1324580263111839,6285.12,0.5,1,0.42220454545454544,1,1,0.9197
27890.49,8044.94,37,12234.91,2,755.4,0.1321,7,1,9,0.28843708242191435,0.4386610396217627,3486.31125,0.125,0,0.143935,0,0,0.2443
80436.73,23178.01,38,5732.29,5,772.9,0.0974,5,1,25,0.2881484845482338,0.07126369677513276,13406.121666666666,0.16666666666666666,0,0.13315363636363636,0,0,0.048
29963.19,7972.16,21,7389.29,1,787.8,0.2716,5,1,12,0.2660562491427267,0.24660402967675749,4993.865,0.16666666666666666,0,0.18464181818181818,0,0,0.2705
56567.9,10796.33,27,6081.44,8,850.0,0.4117,5,0,19,0.1908527477111982,0.10750500716824968,9427.983333333334,0.0,1,0.144095,0,0,0.0562
38220.54,13331.7,43,7275.0,9,669.9,0.4789,5,0,5,0.34880070243114225,0.19033769963219693,6370.09,0.0,1,0.2822240909090909,1,0,0.4556
45399.92,26333.23,50,12766.54,3,609.1,0.4305,4,0,8,0.5800153388962163,0.28119562334860176,9079.984,0.0,1,0.30397499999999994,0,1,0.6842
45783.77,16800.9,43,7682.77,3,710.8,0.2175,4,0,29,0.36695390191978694,0.16780186948629428,9156.753999999999,0.0,0,0.1647068181818182,0,0,0.105
35304.99,7055.38,27,8252.93,2,700.2,0.3821,6,0,23,0.19983521209857025,0.23375438558726155,5043.57,0.0,1,0.22906227272727267,0,0,0.2319
49085.86,13991.26,27,3463.25,10,850.0,0.026586000000000002,9,0,4,0.28503065789907933,0.07055350454276359,4908.586,0.0,0,0.0093051,0,0,0.0152
33148.41,9651.92,37,4069.58,5,717.6,0.4234,4,1,5,0.29116415646613314,0.12276477922231495,6629.682000000001,0.2,1,0.2924445454545454,0,1,0.5736
69236.39,19531.05,24,8881.47,1,611.9,0.2951,7,1,22,0.2820881896327981,0.12827563257367153,8654.54875,0.125,0,0.2923031818181818,0,0,0.3554
40511.63,10286.01,43,9304.88,9,718.6,0.2769,1,1,16,0.2538963775000537,0.22967849779192315,20255.815,0.5,0,0.3305331818181818,0,0,0.2908
20761.32,20773.4,41,7497.18,7,850.0,0.3496,6,0,12,1.0005336590515896,0.36109548451232815,2965.902857142857,0.0,1,0.12236,0,0,0.2171
23732.25,22213.99,68,24885.21,10,561.8,0.1202,4,0,3,0.9359860111868371,1.0485378108771448,4746.45,0.0,0,0.22547,0,1,0.6201
63966.66,8605.14,42,8067.59,8,670.2,0.253,5,0,16,0.13452328879937142,0.12611982367339997,10661.11,0.0,0,0.20296818181818177,0,0,0.0782
49446.21,36389.44,39,4455.69,4,581.6,0.3464,8,1,19,0.7359250400578718,0.09011003856435984,5494.0233333333335,0.1111111111111111,1,0.3253733333333333,0,1,0.7624
25604.79,3569.21,36,3197.4,6,727.9,0.3461,4,0,28,0.13939073936012128,0.12487019537378069,5120.9580000000005,0.0,1,0.198835,0,0,0.1534
17919.0,9343.31,55,3299.72,4,634.2,0.327,8,3,17,0.5213900669642857,0.1841361607142857,1991.0,0.3333333333333333,1,0.35177727272727266,1,1,0.9328
17183.08,25282.29,67,10414.03,5,643.9,0.4029,5,0,8,1.4712623544583125,0.6060277885112266,2863.846666666667,0.0,1,0.2721695454545454,0,1,0.7694
19318.25,17219.8,49,12817.56,7,672.2,0.441,6,1,29,0.8913285971246295,0.6634605380643658,2759.75,0.14285714285714285,1,0.31035259740259735,0,1,0.7319
25590.03,15850.7,46,4420.44,6,659.9,0.1499,6,1,18,0.6193849954456699,0.17273396186085516,3655.718571428571,0.14285714285714285,0,0.21629487012987011,0,0,0.3843
47191.8,17910.79,64,31832.71,3,685.2,0.2408,10,1,13,0.3795237832889763,0.6745247156345883,4290.163636363636,0.09090909090909091,0,0.21642545454545453,0,0,0.4262
23159.32,12699.42,42,11212.83,2,567.1,0.1404,5,0,12,0.5483266207029954,0.48413968373493976,3859.8866666666668,0.0,0,0.2291672727272727,1,0,0.441
60512.86,11926.35,53,5009.87,6,657.5,0.2418,6,2,26,0.19708460177552714,0.08278880243302938,8644.694285714286,0.2857142857142857,0,0.29284428571428567,0,0,0.3517
25696.63,36454.23,43,6437.42,6,585.5,0.422,6,3,28,1.4185833479585472,0.2505063696535439,3670.947142857143,0.42857142857142855,1,0.44458961038961037,1,1,0.9829
53876.73,46505.57,41,3448.73,2,711.1,0.2192,2,0,8,0.8631686969736846,0.06401030629909611,17958.91,0.0,0,0.16511090909090909,0,0,0.4197
63091.39,16628.92,52,13498.96,2,664.7,0.1584,3,2,13,0.2635645915458267,0.213955438999854,15772.8475,0.5,0,0.32335818181818177,0,0,0.4693
60685.06,23850.41,23,13651.37,9,764.4,0.4439,4,0,7,0.39301299178097904,0.22495067236198893,12137.011999999999,0.0,1,0.2098377272727273,0,0,0.2576
17397.71,2719.9225,67,6301.6,10,794.6,0.2383,1,1,19,0.15632897496423587,0.36218777139224695,8698.855,0.5,0,0.2686595454545454,0,0,0.149
23216.92,28028.78,22,11848.07,6,732.2,0.166,3,0,14,1.207204607475605,0.5102985108054469,5804.23,0.0,0,0.13306363636363633,0,0,0.3306
34741.6,6145.86,62,5138.36,3,750.2,0.229,3,0,29,0.17689695071756287,0.1478979696395779,8685.4,0.0,0,0.1436590909090909,0,0,0.073
24151.14,17741.61,52,3066.66,4,598.9,0.1466,7,1,15,0.734577143060615,0.12697259952948267,3018.8925,0.125,0,0.2486009090909091,1,1,0.551
22951.15,4681.26,69,4962.24,3,691.3,0.4771,3,1,16,0.20395736347139592,0.21619935387316655,5737.7875,0.25,1,0.34297590909090914,0,1,0.6287
31440.66,22727.39,66,9368.84,8,822.8,0.0971,4,1,10,0.722843195938128,0.29797536135178615,6288.132,0.2,0,0.11129409090909093,0,0,0.174
28465.36,43010.36,64,13326.26,9,744.9,0.1942,2,1,14,1.5109188529899853,0.46814064039097375,9488.453333333333,0.3333333333333333,0,0.2348518181818182,0,1,0.6063
16299.18,49754.96,33,1935.99,5,714.8,0.1162,6,1,24,3.0524178260608164,0.11877108105554662,2328.4542857142856,0.14285714285714285,0,0.16956350649350654,0,1,0.7143
32564.74,6829.99,53,5802.24,8,689.7,0.4379,6,0,15,0.20972930447765042,0.17817006461391632,4652.105714285714,0.0,1,0.25527409090909087,0,0,0.2779
43618.02,13654.51,29,6797.5,3,558.2,0.3751,8,1,20,0.31304027463248835,0.15583798077077385,4846.446666666667,0.1111111111111111,1,0.35030924242424233,0,1,0.6893
116488.3391999999,9515.8,65,12017.63,8,670.5,0.116,1,0,6,0.08168816189833797,0.10316506285066135,58244.16959999995,0.0,0,0.15482727272727273,0,0,0.0652
16139.7,2844.21,50,7801.66,3,570.4,0.5337,6,1,2,0.1762135471200134,0.48335326225008823,2305.671428571429,0.14285714285714285,1,0.4075794155844155,0,1,0.9081
19766.03,10971.33,67,16365.24,10,742.7,0.6906,6,0,19,0.5550317877799549,0.8279058614268304,2823.718571428571,0.0,2,0.3099918181818181,0,1,0.6379
71997.91,18851.56,57,16475.59,9,673.7,0.5889,7,3,28,0.2618311860554556,0.2288311031375336,8999.73875,0.375,1,0.43080590909090904,1,1,0.8547
40127.51,40737.73,29,5111.76,5,745.6,0.2277,6,0,10,1.0151817249132848,0.12738474466158847,5732.501428571429,0.0,0,0.14613136363636361,0,0,0.2807
46539.67,13114.83,26,11078.54,8,648.6,0.1774,6,0,23,0.28179289210920255,0.2380399766483809,6648.524285714286,0.0,0,0.19025363636363635,0,0,0.1132
30089.21,42235.28,22,17743.44,1,747.5,0.2464,5,1,12,1.403621975386679,0.5896748477328673,5014.868333333333,0.16666666666666666,0,0.20146727272727272,0,1,0.7323
70550.1,18273.27,54,10412.64,7,743.7,0.2155,7,1,9,0.259007584573451,0.14759004466266293,8818.7625,0.125,0,0.1805704545454545,0,0,0.1272
23131.36,17524.2,32,11448.46,6,585.9,0.6006,3,1,27,0.7575621337381919,0.4949110250748302,5782.84,0.25,2,0.4532736363636364,0,1,0.9253
32825.42,16111.33,35,12088.03,7,575.1,0.3067,7,1,2,0.4908037489315009,0.36824088645670167,4103.1775,0.125,1,0.3197813636363636,0,1,0.7966
15684.76,22093.42,28,12859.16,6,772.4,0.4222,5,2,4,1.4085017238565423,0.8197983393855318,2614.1266666666666,0.3333333333333333,1,0.2971518181818182,1,1,0.9116
35254.86,15950.46,25,10213.76,10,662.8,0.2667,6,0,8,0.45242010831674506,0.2897038960331701,5036.408571428571,0.0,0,0.21247227272727273,0,0,0.2629
36371.99,22311.28,45,2742.03,7,819.4,0.335,1,1,24,0.6134024175631423,0.0753864337245852,18185.995,0.5,1,0.2867227272727273,0,0,0.2823
24103.76,23606.57,57,21676.05,7,707.5,0.3878,9,0,21,0.9793322978532042,0.8992435518959742,2410.3759999999997,0.0,1,0.22641181818181816,0,0,0.4813
76015.82,32750.09,55,16988.2,2,713.5,0.5848,5,0,2,0.4308268880492501,0.22347948782914095,12669.303333333335,0.0,1,0.29154363636363634,0,1,0.5122
85920.69,23417.93,21,5738.02,9,680.6,0.038,5,0,17,0.272549690305207,0.06678197321305017,14320.115,0.0,0,0.12109999999999999,0,0,0.0302
13898.58,5271.78,36,32009.493999999933,1,706.8,0.1664,4,1,26,0.3792762083458637,2.3029108793215287,2779.716,0.2,0,0.20936727272727274,0,1,0.5498
44197.07,23266.16,44,3534.61,7,663.0,0.1872,4,0,22,0.5264066960389899,0.07997204402816685,8839.414,0.0,0,0.18451999999999996,0,0,0.1647
57975.37,12974.51,36,6393.09,10,529.6,0.2549,5,0,8,0.22378962325512963,0.11027061542487052,9662.561666666666,0.0,0,0.29310590909090906,0,0,0.2906
73925.53,22808.21,41,10675.16,4,702.4,0.3048,4,1,13,0.30852536971504,0.14440228697329632,14785.106,0.2,1,0.2606072727272727,0,0,0.331
60599.95,19069.83,32,3466.0,10,731.3,0.2038,8,1,27,0.31467873028393123,0.05719382286911344,6733.327777777778,0.1111111111111111,0,0.180199696969697,0,0,0.0925
26155.49,19028.39,45,5449.91,9,643.0,0.026586000000000002,4,0,15,0.7274825483082783,0.20835784923741676,5231.098,0.0,0,0.14103237272727273,0,0,0.1789
23425.25,29131.11,39,11993.27,4,650.4,0.3769,2,1,27,1.2435242516407876,0.5119585934581933,7808.416666666667,0.3333333333333333,1,0.3589331818181818,0,1,0.8216
22012.25,7376.34,52,3522.65,1,679.1,0.3278,5,0,9,0.33508636843719125,0.1600240764085267,3668.7083333333335,0.0,1,0.22348454545454544,0,0,0.3771
40229.4,17412.21,52,2150.69,8,767.7,0.2001,5,1,11,0.43281225143175306,0.053459324292077635,6704.900000000001,0.16666666666666666,0,0.17240772727272724,1,0,0.1893
43419.32,15498.21,32,7120.58,4,793.2,0.3091,7,3,2,0.3569344951856642,0.16399188214181748,5427.415,0.375,1,0.2568304545454545,1,1,0.7824
27979.59,12870.99,55,9748.39,7,676.1,0.0997,6,0,26,0.4599970908404719,0.3483983003932369,3997.0842857142857,0.0,0,0.14555863636363633,0,0,0.1077
30860.35,7800.55,46,2632.35,5,546.7,0.2762,2,1,17,0.25276113974275266,0.08529600940982815,10286.783333333333,0.3333333333333333,0,0.38967909090909086,0,1,0.6185
36369.89,36346.43,35,6965.26,10,749.4,0.3441,2,1,14,0.9993274841500992,0.19150644925103566,12123.296666666667,0.3333333333333333,1,0.2844531818181818,0,1,0.6249
24535.36,10132.49,51,5417.13,3,607.9,0.2547,7,0,9,0.41295815679261305,0.22077969185323332,3066.92,0.0,0,0.24320863636363638,0,0,0.3662
28549.06,26138.5,27,10343.33,10,627.5,0.2855,6,0,29,0.9155322265522384,0.3622875048248585,4078.437142857143,0.0,0,0.24151590909090906,0,0,0.3624
52492.12,4770.13,48,2948.09,1,764.3,0.3302,4,1,17,0.09087152754494303,0.056161455063063505,10498.424,0.2,1,0.23010636363636366,0,0,0.1983
51552.79,22994.87,27,3924.19,3,768.3,0.3842,3,0,26,0.44603646017101745,0.07611836103611393,12888.1975,0.0,1,0.1864609090909091,0,0,0.1866
30036.14,2891.46,52,7629.26,5,766.3,0.3279,3,1,11,0.09626282662064364,0.25399422182005343,7509.035,0.25,1,0.24302863636363642,1,0,0.3242
19298.54,5245.79,49,7729.61,2,684.1,0.2991,4,2,11,0.2718090690244431,0.4005074732351133,3859.708,0.4,0,0.33025772727272723,1,1,0.7324
90248.57,25262.37,42,7037.73,8,638.7,0.181,9,0,9,0.27991679073927994,0.07798075935431048,9024.857,0.0,0,0.1978136363636363,0,0,0.0582
29713.97,15863.06,34,10169.02,5,695.5,0.4111,4,1,10,0.5338406870341783,0.34221875371235444,5942.794,0.2,1,0.3022031818181818,1,1,0.6965
74693.8,15986.84,53,10333.07,4,745.8,0.1264,9,1,20,0.21402882128340928,0.1383372068738386,7469.38,0.1,0,0.14054909090909093,0,0,0.0576
32166.81,6925.87,55,8486.05,9,850.0,0.3066,4,1,18,0.21530436793801006,0.263805649187806,6433.362,0.2,1,0.16731,0,0,0.1538
24078.01,7412.91,50,15933.79,3,651.0,0.3745,5,0,1,0.30785775661042547,0.6617294481791404,4013.0016666666666,0.0,1,0.2577113636363636,0,1,0.5813
22647.13,18335.2,53,11121.65,10,689.5,0.1186,5,1,2,0.8095679422539521,0.49106261753177854,3774.521666666667,0.16666666666666666,0,0.19364636363636364,0,0,0.4742
24655.25,24501.22,46,6212.52,10,822.9,0.3074,8,3,23,0.9937123447401774,0.25196532319391635,2739.472222222222,0.3333333333333333,1,0.22483545454545456,1,1,0.7775
22000.67,19185.18,69,6474.28,6,642.9,0.6183,4,0,21,0.8719874445894336,0.29426311729973226,4400.134,0.0,2,0.3481959090909091,0,1,0.7826
15771.86,25461.71,47,32009.493999999933,8,646.4,0.3487,7,1,14,1.6142735052488895,2.029403291476621,1971.4825,0.125,1,0.2891086363636364,1,1,0.9233
36914.05,25125.97,38,8309.87,6,713.9,0.1513,7,2,3,0.6806429897832997,0.22510791668980537,4614.25625,0.25,0,0.2145640909090909,0,1,0.6465
33605.16,27075.33,26,10829.66,5,788.0,0.2836,3,0,14,0.8056656874811047,0.322252229948319,8401.29,0.0,0,0.13871454545454542,0,0,0.2444
39666.26,20625.03,65,9767.91,9,706.9,0.4043,2,0,26,0.5199509620780461,0.24624614858702112,13222.086666666668,0.0,1,0.23256863636363634,1,0,0.33
47832.58,15794.41,55,10677.0,6,646.0,0.4172,6,1,21,0.33019502199082734,0.2232113924987425,6833.225714285714,0.14285714285714285,1,0.31869532467532463,0,1,0.5502
32797.55,8744.55,25,6197.31,1,690.1,0.1911,4,0,28,0.2666139204324581,0.1889507310536594,6559.51,0.0,0,0.16863954545454543,0,0,0.1269
32533.71,42172.06,32,8349.2,1,742.2,0.5889,4,0,9,1.2962174858789275,0.25662438669347293,6506.742,0.0,1,0.274715,0,1,0.8073
59266.1,22430.03,47,4116.03,10,625.4,0.1937,7,2,5,0.3784566817003025,0.06944881730336054,7408.2625,0.25,0,0.2857222727272727,0,1,0.5752
11062.7102,26683.46,52,1904.1437,4,803.2,0.3428,6,0,14,2.4118003380095767,0.17210715624131226,1580.3871714285713,0.0,1,0.14976181818181813,0,0,0.4467
31723.14,15952.62,47,3026.88,4,686.0,0.1745,6,0,3,0.5028542932921113,0.09541251551657508,4531.877142857143,0.0,0,0.16543863636363637,0,0,0.2111
30363.35,17373.13,67,4054.41,1,605.1,0.187,3,2,13,0.5721555047284069,0.13352533480874776,7590.8375,0.5,0,0.37129545454545454,0,1,0.7654
29019.34,33352.89,40,5506.32,10,750.8,0.695941999999999,5,0,3,1.1492935644447997,0.1897400237212934,4836.556666666666,0.0,2,0.3067069727272724,0,1,0.8051
63603.28,6810.83,46,7583.63,9,617.6,0.2766,8,1,10,0.10708131591144496,0.11923144165769976,7067.031111111111,0.1111111111111111,0,0.2780342424242424,0,0,0.241
57184.11,14130.03,49,4442.71,4,746.4,0.1767,6,0,3,0.24709281839275996,0.07768997908721344,8169.158571428571,0.0,0,0.12777227272727273,0,0,0.0682
50679.98,17612.57,42,27153.03,9,571.4,0.1527,6,1,19,0.34751833922706304,0.5357637125406809,7239.997142857143,0.14285714285714285,0,0.27359305194805195,0,0,0.4668
24287.98,67392.01,45,5381.22,7,724.1,0.4993,6,1,14,2.77459201662647,0.2215498551194822,3469.7114285714283,0.14285714285714285,1,0.2977303246753246,1,1,0.958
18579.64,9774.62,66,4503.55,2,724.3,0.428,4,2,16,0.5260647641846568,0.24237862635517401,3715.928,0.4,1,0.3497909090909091,0,1,0.8005
50514.65,7502.49,41,2410.42,7,617.0,0.465,3,2,17,0.1485181324995323,0.047716301779745486,12628.6625,0.5,1,0.4610227272727272,0,1,0.7514
30887.42,13400.07,26,3599.68,6,736.7,0.0631,5,0,24,0.43382180117985963,0.11653817191037937,5147.903333333333,0.0,0,0.09418499999999999,0,0,0.0608
35540.68,6596.98,50,6626.11,5,653.5,0.1687,8,1,17,0.18561249777725755,0.18643209887658657,3948.9644444444443,0.1111111111111111,0,0.21742378787878786,0,0,0.2584
26163.7,19264.43,65,16980.76,9,717.6,0.1138,1,0,26,0.736275592687858,0.6489950200078731,13081.85,0.0,0,0.12408454545454542,0,0,0.196
31473.1,5412.56,56,3719.27,3,665.9,0.2325,6,0,11,0.17196869807238335,0.11816922485472182,4496.157142857142,0.0,0,0.19852954545454546,0,0,0.1708
63981.22,13778.95,58,13838.82,1,693.6,0.2485,9,0,25,0.21535592231716874,0.21629165102430017,6398.122,0.0,0,0.1865022727272727,0,0,0.0648
41029.73,15189.19,24,4466.02,5,812.1,0.1556,3,1,7,0.3701905864214456,0.10884573586675159,10257.4325,0.25,0,0.1535781818181818,0,0,0.1597
37266.47,11706.22,30,11132.78,7,611.7,0.3734,5,2,22,0.31411362241654717,0.29872647646861994,6211.078333333334,0.3333333333333333,1,0.3823354545454545,1,1,0.8108
21672.54,9025.15,49,6563.31,1,708.4,0.199,6,1,16,0.4164132855085048,0.3028259342959203,3096.077142857143,0.14285714285714285,0,0.20261623376623378,0,0,0.367
11062.93,19268.74,32,8359.97,9,827.3,0.4507,6,1,7,1.7415818791333642,0.7556058290318177,1580.4185714285716,0.14285714285714285,1,0.2150475974025974,0,1,0.7046
41258.26,17930.41,41,7642.84,10,673.6,0.4053,9,0,14,0.434579049648491,0.18523938626141137,4125.826,0.0,1,0.2541095454545454,0,0,0.2871
86193.39,4995.96,24,15045.7,2,602.7,0.1265,6,0,2,0.05796154482907762,0.17455544380556554,12313.341428571428,0.0,0,0.20164772727272723,0,0,0.075
39394.3,73033.47119999999,46,10163.19,1,596.6,0.0483,5,0,19,1.8538625470551051,0.25797975900678505,6565.716666666667,0.0,0,0.17815954545454543,0,1,0.7287
30278.96,19006.86,49,7249.2,4,808.7,0.0441,6,3,28,0.627704263810124,0.2394058644727404,4325.565714285714,0.42857142857142855,0,0.17028824675324672,0,0,0.4385
20878.54,12319.49,41,7788.95,5,723.0,0.2955,5,0,14,0.5900268875655307,0.37304222219455024,3479.7566666666667,0.0,0,0.18424318181818183,0,0,0.2578
17425.33,30928.07,66,10311.87,5,777.6,0.1542,4,1,28,1.7747896430286811,0.5917407738749352,3485.0660000000003,0.2,0,0.16004272727272723,0,0,0.4165
22892.32,12449.75,33,11241.84,7,710.1,0.5157,4,0,26,0.5438158379824333,0.49105328541251336,4578.464,0.0,1,0.26952227272727275,1,0,0.4574
21405.91,41128.34,50,9182.46,2,778.2,0.4764,3,0,20,1.921264675751895,0.42894840964903386,5351.4775,0.0,1,0.21243090909090903,1,1,0.7105
21795.91,12343.34,53,9164.45,2,704.6,0.2437,5,0,23,0.5662885243825845,0.42044721017795644,3632.6516666666666,0.0,0,0.17782227272727272,0,0,0.2198
28711.91,4671.61,38,6989.58,10,626.6,0.2843,7,1,7,0.16270068063459955,0.24342987178937975,3588.98875,0.125,0,0.2791686363636363,1,0,0.4732
30686.68,10671.31,35,27622.18,4,683.1,0.3572,5,1,17,0.34773922303673654,0.9001064922470516,5114.446666666667,0.16666666666666666,1,0.2812290909090909,0,1,0.6733
68218.34,7891.8,39,2627.66,6,750.6,0.1969,4,0,6,0.11568273747591226,0.03851781620871735,13643.668,0.0,0,0.13216954545454546,0,0,0.0431
42478.65,32404.17,51,3712.06,1,608.1,0.1967,7,2,17,0.7628163132229197,0.0873844299564615,5309.83125,0.25,0,0.29778136363636365,0,1,0.7995
29453.72,36309.58,37,5956.48,1,536.3,0.3991,3,2,5,1.2327253492818808,0.20222497446928708,7363.43,0.5,1,0.48931227272727273,0,1,0.9815
41022.51,29009.37,36,9723.99,9,781.3,0.026586000000000002,6,1,10,0.7071401252598815,0.23703456871437864,5860.358571428572,0.14285714285714285,0,0.09588042467532469,0,0,0.1689
41160.04,43678.91,56,5071.6,10,755.9,0.066,7,1,6,1.061171194896922,0.12321360198867667,5145.005,0.125,0,0.12048181818181822,0,0,0.3186
50483.34,4973.72,24,4346.06,7,811.1,0.0745,6,0,23,0.09852005592229196,0.08608728964268922,7211.905714285714,0.0,0,0.05082954545454542,0,0,0.0136
49143.34,7089.55,32,10754.08,2,850.0,0.3551,4,0,25,0.14425974588324925,0.2188264202958062,9828.668,0.0,1,0.124285,0,0,0.0614
59739.29,16613.76,40,9481.02,8,730.6,0.3133,6,0,15,0.27809975478860244,0.15870395004778182,8534.184285714286,0.0,1,0.18563681818181815,0,0,0.1132
80130.73,55903.16,61,11757.08,7,767.1,0.1952,3,0,3,0.6976407473044699,0.14672190404475233,20032.6825,0.0,0,0.12107454545454545,0,0,0.209
54308.73,8656.21,33,7325.1,3,710.7,0.661,3,0,7,0.15938598847757113,0.13487638402916016,13577.1825,0.0,2,0.3199954545454545,1,1,0.5463
44100.97,7278.55,62,4799.0,3,809.6,0.3633,8,0,16,0.16503911276525743,0.10881600073647503,4900.107777777778,0.0,1,0.1528640909090909,0,0,0.0743
22178.53,38699.09,44,3764.9,4,654.6,0.6197,6,2,23,1.744811093832917,0.16974660869729882,3168.3614285714284,0.2857142857142857,2,0.42695474025974023,1,1,0.9808
45136.3,18277.03,48,7262.84,3,768.4,0.3153,8,0,17,0.40492076398012283,0.16090550387373634,5015.144444444445,0.0,1,0.16228227272727272,0,0,0.1304
36631.63,15682.16,51,12942.46,3,817.2,0.2367,3,0,11,0.42809265946780234,0.35330414441987923,9157.9075,0.0,0,0.10371772727272724,0,0,0.122
56912.92,6836.24,24,6181.14,7,698.8,0.0891,4,0,28,0.12011543046059733,0.10860506533375316,11382.583999999999,0.0,0,0.12740318181818183,0,0,0.0334
74871.56,29457.58,21,2887.88,10,770.8,0.4746,9,3,22,0.3934362602267106,0.038570605840110184,7487.156,0.3,1,0.30651000000000006,0,1,0.6898
29600.62,44474.44,46,8843.45,2,597.6,0.1124,5,1,20,1.5024326371326977,0.2987488522587615,4933.4366666666665,0.16666666666666666,0,0.24995818181818177,1,1,0.7766
41566.41,27311.98,35,14879.11,10,804.3,0.1954,4,0,4,0.6570527247187159,0.3579513373578002,8313.282000000001,0.0,0,0.09747181818181821,0,0,0.1438
35905.92,7097.96,51,17658.66,4,615.6,0.1261,6,1,6,0.19767665954083505,0.4917898833985204,5129.417142857143,0.14285714285714285,0,0.23615577922077918,0,0,0.4427
34376.65,20359.99,50,10969.65,4,633.7,0.2648,5,1,29,0.5922449614793333,0.31909249177881555,5729.441666666667,0.16666666666666666,0,0.2803254545454545,0,1,0.5073
48634.31,10193.13,39,6930.96,3,622.8,0.2687,1,1,8,0.20958291414200916,0.14250880687303114,24317.155,0.5,0,0.3886268181818182,1,1,0.5165
40852.54,7633.03,32,4509.38,6,584.9,0.3369,8,0,8,0.18683888838029702,0.11037917399569291,4539.171111111111,0.0,1,0.286615,1,0,0.3587
19366.67,4211.83,22,15529.75,8,681.4,0.1862,4,0,11,0.21746704688793234,0.8018388376092737,3873.334,0.0,0,0.17246090909090908,0,0,0.2379
16722.16,20542.49,45,6235.02,3,850.0,0.2834,6,2,29,1.2283856639534634,0.37283743024643673,2388.88,0.2857142857142857,0,0.1849042857142857,0,0,0.4993
11062.7102,27908.77,36,1904.1437,4,850.0,0.3861,2,0,29,2.5225507081702125,0.17210715624131226,3687.5700666666667,0.0,1,0.13513499999999998,0,0,0.3823
52841.96,6618.86,38,8250.6,9,631.7,0.1387,3,0,2,0.12525528471531497,0.1561343270702474,13210.49,0.0,0,0.18746318181818178,0,0,0.1447
34154.78,11850.64,66,7177.14,9,549.9,0.0625,3,0,9,0.34695855284230076,0.2101295886084288,8538.695,0.0,0,0.2128477272727273,0,0,0.2721
44856.95,7172.37,56,17779.66,4,583.5,0.4902,3,1,11,0.1598907217115361,0.3963547152734354,11214.2375,0.25,1,0.4161609090909091,0,1,0.7943
19708.65,12903.92,57,14791.35,8,764.9,0.2048,11,0,20,0.6547006161956199,0.7504623369770645,1642.3875,0.0,0,0.12583454545454545,1,0,0.1142
34722.2,7900.94,55,6144.63,7,662.6,0.2614,4,0,17,0.22754066445488896,0.17696036079624,6944.44,0.0,0,0.2107445454545454,0,0,0.177
37778.46,8724.32,68,2649.79,1,843.8,0.2616,4,0,14,0.23092759928278486,0.07013837677933989,7555.692,0.0,0,0.09550545454545455,0,0,0.0564
23547.9,19461.64,35,32009.493999999933,1,647.8,0.386,8,1,24,0.8264352050414243,1.3592776732671137,2616.4333333333334,0.1111111111111111,1,0.2971060606060606,1,1,0.8547
62047.3,14036.45,33,6546.72,7,631.4,0.2883,8,2,9,0.2262181236230485,0.10551006232241657,6894.144444444445,0.2222222222222222,0,0.3066807575757576,0,1,0.562
24227.82,8529.52,33,4805.44,6,777.2,0.1754,8,1,21,0.3520402561907679,0.19833570103702944,2691.98,0.1111111111111111,0,0.14105060606060602,0,0,0.1564
53419.82,12150.56,27,17374.15,3,609.8,0.2757,6,0,16,0.22744989687541298,0.3252318103690659,7631.402857142857,0.0,0,0.2493495454545455,0,0,0.2456
69124.57,26583.38,23,8760.25,1,653.4,0.3672,3,0,6,0.3845665214767849,0.12672951557578474,17281.1425,0.0,1,0.2536290909090909,0,0,0.4412
25035.99,3034.89,53,3529.85,7,701.3,0.4145,4,1,26,0.12121624843880992,0.14098539800511162,5007.198,0.2,1,0.29970227272727273,0,0,0.4099
49793.38,8660.07,23,8537.35,7,732.2,0.3587,8,0,7,0.17391661468623568,0.17145207953186686,5532.597777777777,0.0,1,0.20050863636363633,0,0,0.1442
37003.27,10629.24,46,6897.08,10,621.3,0.3766,7,3,25,0.28724360729180715,0.1863860576090273,4625.40875,0.375,1,0.3898463636363636,1,1,0.8801
64863.89,24536.83,53,23370.12,4,627.9,0.3354,1,2,24,0.37827598258472345,0.36028921038793094,32431.945,1.0,1,0.5587263636363636,0,1,0.7581
27694.75,10475.54,54,7860.19,8,813.2,0.105,4,1,1,0.3782363720065353,0.283804915916702,5538.95,0.2,0,0.12016818181818179,0,0,0.1629
81506.43,33411.92,30,10446.09,4,631.0,0.3411,4,0,14,0.4099248375270819,0.1281611995372692,16301.285999999998,0.0,1,0.2587486363636363,1,0,0.3301
16106.17,6190.39,51,6337.37,6,756.3,0.2654,5,1,9,0.38432511732352737,0.39345024607053874,2684.3616666666667,0.16666666666666666,0,0.20251727272727277,1,0,0.36
96018.76,16643.51,46,30097.14,1,700.0,0.026586000000000002,4,1,26,0.1733342178734877,0.31344735708566657,19203.752,0.2,0,0.16475964545454544,0,0,0.063
35896.07,8299.51,58,18860.37,1,768.9,0.448,3,2,16,0.2312029923333576,0.5254013767697475,8974.0175,0.5,1,0.3584090909090909,1,1,0.7064
17132.77,5806.08,59,27756.12,5,795.8,0.3464,3,0,20,0.3388676280818524,1.6199657168270614,4283.1925,0.0,1,0.1557309090909091,0,0,0.3132
25555.88,6750.25,67,11402.88,8,688.9,0.0372,3,2,13,0.264126528746858,0.4461765285903443,6388.97,0.5,0,0.2655381818181818,0,0,0.3936
51702.75,2719.9225,45,7782.07,8,622.7,0.1689,3,0,19,0.05260590382709185,0.15051268041486351,12925.6875,0.0,0,0.20376045454545452,0,0,0.1022
27813.42,55021.33,56,7200.74,7,641.0,0.1649,4,1,17,1.9781584516232948,0.2588851394348687,5562.683999999999,0.2,0,0.25071499999999997,0,1,0.82
40601.53,15744.04,50,9215.78,4,667.6,0.266,5,1,23,0.3877600730791899,0.2269755111319418,6766.921666666666,0.16666666666666666,0,0.2591727272727273,0,0,0.375
38321.53,11615.58,69,11912.59,1,738.8,0.1579,4,1,29,0.30310055207732894,0.3108508232624516,7664.306,0.2,0,0.18602863636363637,0,0,0.1716
27794.52,28998.85,66,9401.94,5,765.1,0.1674,6,1,20,1.043292228387884,0.33825379053890703,3970.6457142857143,0.14285714285714285,0,0.15547441558441558,0,0,0.3439
26686.25,5186.13,33,4964.16,2,850.0,0.1821,5,2,0,0.19432987662647894,0.1860124216620296,4447.708333333333,0.3333333333333333,0,0.163735,0,0,0.3313
33615.25,7835.84,43,8697.12,1,648.1,0.0284,7,0,5,0.23309679098650207,0.2587177332391329,4201.90625,0.0,0,0.13842181818181815,0,0,0.1365
26501.56,16494.58,34,7941.78,10,795.9,0.1318,7,1,6,0.6223768571790801,0.29966086295059796,3312.695,0.125,0,0.11805727272727275,0,0,0.208
23971.36,4466.72,38,3927.67,9,702.4,0.5975,4,1,29,0.1863279209890057,0.1638416075847351,4794.272,0.2,1,0.3630522727272727,0,1,0.5772
116488.3391999999,10724.01,65,9529.69,10,595.0,0.2176,6,1,8,0.09206001230368392,0.08180740027753551,16641.1913142857,0.14285714285714285,0,0.2812898701298701,0,0,0.0798
15800.89,10159.47,33,10900.15,6,658.7,0.2717,5,2,20,0.642927523226652,0.6898003972942477,2633.4816666666666,0.3333333333333333,0,0.31683136363636355,0,1,0.7812
18940.03,13665.38,50,6428.72,4,847.5,0.2869,4,1,13,0.7214697405579317,0.3394070966573624,3788.006,0.2,0,0.16200590909090906,0,0,0.2772
12724.37,6740.76,28,12369.89,4,653.1,0.5705,4,1,15,0.5297103345521584,0.9720652523266513,2544.8740000000003,0.2,1,0.38497499999999996,1,1,0.8826
35820.78,5004.62,23,11593.04,2,651.1,0.4195,4,1,22,0.1397088586887642,0.3236310423435128,7164.156,0.2,1,0.33339772727272726,0,1,0.5962
25311.21,11273.97,21,3588.12,9,705.2,0.0562,7,0,15,0.4453965102217467,0.14175451294059271,3163.90125,0.0,0,0.11181545454545452,0,0,0.083
53577.46,9493.72,31,5548.82,5,713.1,0.0623,4,1,21,0.17719284951452505,0.10356438016322231,10715.492,0.2,0,0.16892318181818178,0,0,0.0955
31576.28,13706.04,40,8129.82,3,714.8,0.4431,3,0,3,0.43404751770893507,0.2574578937767914,7894.07,0.0,1,0.24112136363636366,0,1,0.5096
42795.32,18021.94,42,6497.48,7,639.5,0.3689,3,0,28,0.4211095720379696,0.1518233343427659,10698.83,0.0,1,0.2630695454545454,0,0,0.3388
